fecha,tmax_c,tmin_c
2015-01-01,30.83,19.68
2015-01-02,29.51,20.12
2015-01-03,30.2,18.7
2015-01-04,30.88,17.95
2015-01-05,31.14,19.08
2015-01-06,29.95,18.57
2015-01-07,30.38,19.42
2015-01-08,31.01,18.77
2015-01-09,30.72,18.81
2015-01-10,30.78,20.14
2015-01-11,30.94,20.24
2015-01-12,29.96,19.55
2015-01-13,31.27,19.42
2015-01-14,31.77,19.67
2015-01-15,31.41,19.7
2015-01-16,32.21,20.6
2015-01-17,30.76,20.91
2015-01-18,29.46,19.7
2015-01-19,31.0,18.55
2015-01-20,31.02,18.12
2015-01-21,30.87,18.69
2015-01-22,31.27,19.31
2015-01-23,31.31,18.09
2015-01-24,31.53,18.33
2015-01-25,32.08,19.02
2015-01-26,31.18,18.85
2015-01-27,32.59,18.5
2015-01-28,32.25,18.42
2015-01-29,32.15,18.1
2015-01-30,32.12,18.42
2015-01-31,31.41,19.7
2015-02-01,30.65,20.65
2015-02-02,31.15,19.57
2015-02-03,31.85,19.11
2015-02-04,32.54,19.81
2015-02-05,32.34,19.19
2015-02-06,33.14,19.26
2015-02-07,32.27,18.59
2015-02-08,32.64,19.13
2015-02-09,33.38,19.45
2015-02-10,33.03,21.07
2015-02-11,32.46,21.15
2015-02-12,29.63,21.49
2015-02-13,30.83,20.42
2015-02-14,32.06,21.15
2015-02-15,33.13,19.81
2015-02-16,33.29,19.12
2015-02-17,33.25,19.21
2015-02-18,34.11,19.41
2015-02-19,32.79,18.55
2015-02-20,33.61,17.7
2015-02-21,32.02,19.4
2015-02-22,31.87,19.92
2015-02-23,32.33,19.35
2015-02-24,31.51,19.43
2015-02-25,32.01,19.36
2015-02-26,32.57,19.05
2015-02-27,33.87,19.07
2015-02-28,30.25,20.19
2015-03-01,32.33,18.35
2015-03-02,32.52,19.0
2015-03-03,32.1,18.5
2015-03-04,33.77,19.42
2015-03-05,33.11,19.71
2015-03-06,31.56,18.99
2015-03-07,32.71,18.03
2015-03-08,32.5,19.08
2015-03-09,32.85,17.54
2015-03-10,32.15,20.3
2015-03-11,32.93,20.42
2015-03-12,32.48,19.16
2015-03-13,32.3,19.29
2015-03-14,33.19,19.16
2015-03-15,32.05,18.98
2015-03-16,33.8,19.76
2015-03-17,32.5,19.56
2015-03-18,32.79,19.67
2015-03-19,32.69,20.04
2015-03-20,32.19,19.61
2015-03-21,33.13,19.95
2015-03-22,33.54,19.03
2015-03-23,33.84,19.13
2015-03-24,34.32,19.89
2015-03-25,34.8,19.47
2015-03-26,35.21,19.29
2015-03-27,34.41,20.68
2015-03-28,34.64,21.14
2015-03-29,34.31,20.33
2015-03-30,33.6,19.8
2015-03-31,30.86,19.61
2015-04-01,33.06,19.4
2015-04-02,32.16,20.59
2015-04-03,30.57,20.71
2015-04-04,31.56,20.78
2015-04-05,28.58,20.22
2015-04-06,31.86,19.41
2015-04-07,33.08,19.73
2015-04-08,31.6,20.59
2015-04-09,31.04,20.52
2015-04-10,33.47,20.38
2015-04-11,32.75,20.46
2015-04-12,32.54,21.82
2015-04-13,33.31,20.95
2015-04-14,30.99,21.04
2015-04-15,33.1,19.71
2015-04-16,30.58,20.76
2015-04-17,30.92,20.22
2015-04-18,28.96,20.22
2015-04-19,29.28,20.57
2015-04-20,31.27,20.24
2015-04-21,32.83,20.87
2015-04-22,33.11,19.51
2015-04-23,33.7,19.97
2015-04-24,32.38,20.27
2015-04-25,32.32,21.14
2015-04-26,33.24,21.12
2015-04-27,34.76,21.63
2015-04-28,35.11,22.25
2015-04-29,34.42,21.47
2015-04-30,36.03,21.74
2015-05-01,35.88,19.98
2015-05-02,34.75,20.06
2015-05-03,35.29,20.23
2015-05-04,35.66,20.69
2015-05-05,35.48,20.58
2015-05-06,34.94,20.29
2015-05-07,34.65,20.65
2015-05-08,33.87,21.74
2015-05-09,34.53,21.57
2015-05-10,34.77,20.36
2015-05-11,34.64,21.58
2015-05-12,34.82,21.2
2015-05-13,34.78,21.29
2015-05-14,34.19,21.01
2015-05-15,31.77,20.63
2015-05-16,33.75,20.84
2015-05-17,33.12,20.24
2015-05-18,31.56,21.26
2015-05-19,28.62,21.18
2015-05-20,29.68,21.3
2015-05-21,31.83,21.28
2015-05-22,33.04,21.07
2015-05-23,31.44,21.45
2015-05-24,30.6,21.25
2015-05-25,30.15,20.29
2015-05-26,31.57,20.13
2015-05-27,31.03,20.83
2015-05-28,29.98,21.38
2015-05-29,26.49,21.45
2015-05-30,29.47,20.43
2015-05-31,31.28,20.82
2015-06-01,30.78,21.11
2015-06-02,29.61,21.38
2015-06-03,29.93,21.29
2015-06-04,30.69,21.54
2015-06-05,29.21,21.08
2015-06-06,29.53,20.97
2015-06-07,29.11,21.31
2015-06-08,29.68,21.31
2015-06-09,32.63,20.37
2015-06-10,32.36,20.25
2015-06-11,31.71,20.99
2015-06-12,29.75,21.55
2015-06-13,31.0,21.38
2015-06-14,31.39,21.42
2015-06-15,31.27,20.77
2015-06-16,28.08,21.13
2015-06-17,29.81,20.89
2015-06-18,30.97,20.74
2015-06-19,30.6,21.03
2015-06-20,31.69,20.94
2015-06-21,30.2,20.99
2015-06-22,26.72,21.16
2015-06-23,28.8,20.38
2015-06-24,29.21,21.48
2015-06-25,30.76,21.24
2015-06-26,29.34,20.81
2015-06-27,31.01,20.83
2015-06-28,27.81,21.37
2015-06-29,31.34,20.31
2015-06-30,28.91,19.46
2015-07-01,30.96,20.58
2015-07-02,31.36,21.04
2015-07-03,30.57,20.66
2015-07-04,32.21,20.97
2015-07-05,32.01,21.09
2015-07-06,31.19,20.58
2015-07-07,27.14,20.43
2015-07-08,27.01,20.62
2015-07-09,30.04,20.0
2015-07-10,28.94,20.69
2015-07-11,28.84,20.43
2015-07-12,30.67,20.47
2015-07-13,28.53,21.09
2015-07-14,28.33,20.51
2015-07-15,29.16,20.97
2015-07-16,26.57,20.28
2015-07-17,28.47,19.99
2015-07-18,26.18,20.11
2015-07-19,28.12,20.35
2015-07-20,28.78,20.13
2015-07-21,27.08,20.75
2015-07-22,27.17,20.6
2015-07-23,27.87,20.49
2015-07-24,29.3,20.2
2015-07-25,29.16,19.7
2015-07-26,28.51,19.99
2015-07-27,30.86,20.72
2015-07-28,30.04,20.14
2015-07-29,28.49,21.29
2015-07-30,29.19,20.37
2015-07-31,28.06,20.55
2015-08-01,29.05,20.39
2015-08-02,30.17,20.81
2015-08-03,29.12,20.84
2015-08-04,28.98,21.46
2015-08-05,30.35,20.82
2015-08-06,31.09,20.67
2015-08-07,29.68,21.37
2015-08-08,26.77,21.46
2015-08-09,28.68,20.5
2015-08-10,29.2,20.12
2015-08-11,29.04,21.41
2015-08-12,29.1,20.61
2015-08-13,28.12,20.52
2015-08-14,29.02,20.82
2015-08-15,30.45,20.57
2015-08-16,29.74,21.39
2015-08-17,29.38,21.22
2015-08-18,31.03,20.8
2015-08-19,31.23,21.87
2015-08-20,29.07,21.14
2015-08-21,28.1,21.13
2015-08-22,28.07,20.79
2015-08-23,29.63,21.17
2015-08-24,29.45,19.74
2015-08-25,29.16,21.21
2015-08-26,30.18,21.26
2015-08-27,30.14,20.65
2015-08-28,29.4,20.96
2015-08-29,29.24,21.71
2015-08-30,28.64,21.05
2015-08-31,25.88,20.61
2015-09-01,29.14,20.83
2015-09-02,27.92,20.68
2015-09-03,28.38,20.66
2015-09-04,29.32,20.95
2015-09-05,30.51,20.44
2015-09-06,31.23,20.53
2015-09-07,29.34,21.97
2015-09-08,31.84,21.43
2015-09-09,30.61,21.58
2015-09-10,30.45,20.69
2015-09-11,28.86,20.96
2015-09-12,31.86,21.17
2015-09-13,30.62,20.86
2015-09-14,27.4,21.29
2015-09-15,29.27,20.29
2015-09-16,29.58,20.81
2015-09-17,29.32,21.05
2015-09-18,28.11,21.64
2015-09-19,29.86,21.53
2015-09-20,31.14,21.02
2015-09-21,31.74,20.34
2015-09-22,31.37,21.3
2015-09-23,29.89,21.32
2015-09-24,27.13,21.19
2015-09-25,31.39,20.75
2015-09-26,30.34,20.91
2015-09-27,30.59,21.39
2015-09-28,31.73,20.44
2015-09-29,31.79,20.39
2015-09-30,31.66,20.73
2015-10-01,31.59,20.34
2015-10-02,28.57,20.28
2015-10-03,29.34,20.89
2015-10-04,29.52,20.56
2015-10-05,29.63,21.49
2015-10-06,29.58,21.11
2015-10-07,28.03,21.83
2015-10-08,29.26,21.12
2015-10-09,30.32,20.96
2015-10-10,28.66,21.84
2015-10-11,27.94,22.41
2015-10-12,28.5,21.63
2015-10-13,27.39,21.15
2015-10-14,27.52,20.62
2015-10-15,29.89,19.85
2015-10-16,30.02,19.63
2015-10-17,30.16,19.33
2015-10-18,30.29,20.57
2015-10-19,30.56,20.31
2015-10-20,30.54,20.68
2015-10-21,31.81,20.45
2015-10-22,31.26,21.18
2015-10-23,28.8,21.4
2015-10-24,28.0,21.08
2015-10-25,29.62,20.33
2015-10-26,28.95,20.59
2015-10-27,29.98,20.53
2015-10-28,30.2,20.06
2015-10-29,30.1,20.4
2015-10-30,29.12,21.27
2015-10-31,30.55,21.02
2015-11-01,28.74,21.1
2015-11-02,29.9,20.29
2015-11-03,30.3,20.36
2015-11-04,29.06,21.44
2015-11-05,30.14,21.27
2015-11-06,30.44,19.96
2015-11-07,29.51,20.09
2015-11-08,28.35,20.41
2015-11-09,29.95,20.6
2015-11-10,28.16,21.86
2015-11-11,29.83,21.68
2015-11-12,28.88,21.09
2015-11-13,29.91,20.63
2015-11-14,28.34,21.33
2015-11-15,27.95,20.83
2015-11-16,29.68,20.36
2015-11-17,29.34,20.11
2015-11-18,26.04,20.87
2015-11-19,26.52,18.87
2015-11-20,30.12,18.63
2015-11-21,30.56,19.07
2015-11-22,30.2,19.82
2015-11-23,30.65,20.93
2015-11-24,31.71,20.98
2015-11-25,31.23,20.61
2015-11-26,29.87,20.23
2015-11-27,27.01,20.37
2015-11-28,26.28,20.53
2015-11-29,29.12,20.3
2015-11-30,29.76,20.51
2015-12-01,30.45,19.92
2015-12-02,29.16,20.89
2015-12-03,29.77,21.19
2015-12-04,27.89,20.9
2015-12-05,28.97,20.75
2015-12-06,29.72,20.03
2015-12-07,29.96,20.04
2015-12-08,29.8,19.0
2015-12-09,30.28,19.55
2015-12-10,30.94,19.71
2015-12-11,31.03,20.5
2015-12-12,30.96,19.83
2015-12-13,30.35,20.02
2015-12-14,28.4,20.77
2015-12-15,29.11,20.81
2015-12-16,29.18,20.54
2015-12-17,30.36,20.34
2015-12-18,29.53,21.04
2015-12-19,29.39,21.01
2015-12-20,30.2,20.59
2015-12-21,30.91,20.03
2015-12-22,30.84,19.64
2015-12-23,30.74,20.01
2015-12-24,31.2,19.53
2015-12-25,31.2,19.34
2015-12-26,29.44,19.45
2015-12-27,30.46,16.7
2015-12-28,30.82,17.62
2015-12-29,30.62,19.86
2015-12-30,31.21,20.79
2015-12-31,30.88,19.85
2016-01-01,30.83,19.43
2016-01-02,29.13,19.81
2016-01-03,28.67,19.55
2016-01-04,31.4,19.21
2016-01-05,31.34,20.31
2016-01-06,32.13,19.91
2016-01-07,32.69,19.32
2016-01-08,32.85,19.76
2016-01-09,32.75,18.88
2016-01-10,32.36,19.51
2016-01-11,32.25,18.78
2016-01-12,32.71,18.01
2016-01-13,32.3,17.78
2016-01-14,32.95,17.06
2016-01-15,32.66,18.4
2016-01-16,33.2,18.76
2016-01-17,33.69,18.92
2016-01-18,33.15,18.04
2016-01-19,32.79,19.1
2016-01-20,32.9,17.97
2016-01-21,31.85,18.65
2016-01-22,32.62,18.88
2016-01-23,32.54,18.61
2016-01-24,33.3,17.14
2016-01-25,33.09,17.89
2016-01-26,32.14,19.06
2016-01-27,32.38,18.58
2016-01-28,32.56,19.11
2016-01-29,33.89,18.77
2016-01-30,32.79,19.49
2016-01-31,31.34,18.18
2016-02-01,32.98,17.99
2016-02-02,33.04,18.59
2016-02-03,32.81,18.19
2016-02-04,33.63,18.3
2016-02-05,32.56,18.44
2016-02-06,32.61,19.36
2016-02-07,33.75,21.37
2016-02-08,34.93,20.27
2016-02-09,34.96,20.36
2016-02-10,35.37,20.16
2016-02-11,33.9,19.24
2016-02-12,32.75,20.2
2016-02-13,32.78,19.76
2016-02-14,33.47,19.28
2016-02-15,33.07,19.28
2016-02-16,33.31,20.36
2016-02-17,33.83,21.28
2016-02-18,34.31,20.0
2016-02-19,33.21,20.23
2016-02-20,32.59,19.79
2016-02-21,32.17,19.41
2016-02-22,33.86,19.08
2016-02-23,34.76,19.13
2016-02-24,34.15,20.13
2016-02-25,34.16,20.53
2016-02-26,32.65,19.44
2016-02-27,34.82,19.27
2016-02-28,34.82,18.79
2016-02-29,34.41,20.29
2016-03-01,33.43,20.48
2016-03-02,34.27,20.24
2016-03-03,34.29,19.89
2016-03-04,34.55,19.58
2016-03-05,35.31,20.14
2016-03-06,35.63,19.38
2016-03-07,34.57,19.82
2016-03-08,35.12,19.97
2016-03-09,35.11,19.7
2016-03-10,33.39,20.06
2016-03-11,32.7,19.15
2016-03-12,33.62,17.43
2016-03-13,33.71,17.97
2016-03-14,34.26,19.92
2016-03-15,33.08,21.95
2016-03-16,32.79,21.29
2016-03-17,35.07,21.8
2016-03-18,33.39,20.24
2016-03-19,36.29,21.02
2016-03-20,36.66,21.45
2016-03-21,36.68,21.34
2016-03-22,35.47,21.41
2016-03-23,35.13,20.62
2016-03-24,34.68,20.27
2016-03-25,35.54,19.85
2016-03-26,35.41,19.77
2016-03-27,35.64,19.91
2016-03-28,35.1,19.84
2016-03-29,34.15,20.46
2016-03-30,34.85,20.78
2016-03-31,31.57,22.53
2016-04-01,31.72,21.43
2016-04-02,30.56,21.71
2016-04-03,29.43,21.29
2016-04-04,31.19,19.89
2016-04-05,32.0,20.29
2016-04-06,32.64,21.04
2016-04-07,33.74,21.89
2016-04-08,33.64,22.33
2016-04-09,31.66,21.57
2016-04-10,32.16,20.86
2016-04-11,32.5,19.87
2016-04-12,33.73,20.13
2016-04-13,32.72,20.31
2016-04-14,30.86,21.15
2016-04-15,31.91,21.35
2016-04-16,33.94,22.4
2016-04-17,31.34,23.14
2016-04-18,32.63,23.17
2016-04-19,32.07,22.71
2016-04-20,28.82,22.77
2016-04-21,32.24,22.63
2016-04-22,30.7,22.07
2016-04-23,32.61,21.99
2016-04-24,33.15,22.66
2016-04-25,34.28,22.52
2016-04-26,33.1,22.68
2016-04-27,33.0,22.13
2016-04-28,29.64,22.53
2016-04-29,32.88,21.02
2016-04-30,29.83,21.37
2016-05-01,28.07,20.61
2016-05-02,26.82,19.7
2016-05-03,29.47,20.49
2016-05-04,31.0,21.05
2016-05-05,31.62,20.98
2016-05-06,29.79,22.51
2016-05-07,29.83,21.98
2016-05-08,31.37,22.09
2016-05-09,28.58,21.37
2016-05-10,29.7,20.37
2016-05-11,31.64,20.95
2016-05-12,32.74,21.25
2016-05-13,29.91,21.88
2016-05-14,31.41,21.94
2016-05-15,32.37,22.07
2016-05-16,30.88,22.03
2016-05-17,33.21,22.22
2016-05-18,31.46,22.36
2016-05-19,29.82,22.08
2016-05-20,32.28,21.94
2016-05-21,30.35,21.82
2016-05-22,30.36,22.61
2016-05-23,28.24,22.39
2016-05-24,28.81,21.73
2016-05-25,32.02,21.03
2016-05-26,29.11,21.67
2016-05-27,30.06,21.05
2016-05-28,27.84,22.0
2016-05-29,28.44,21.47
2016-05-30,29.21,20.49
2016-05-31,29.26,20.32
2016-06-01,30.03,20.81
2016-06-02,30.7,20.29
2016-06-03,31.34,20.77
2016-06-04,32.97,21.84
2016-06-05,32.97,21.66
2016-06-06,31.17,20.34
2016-06-07,30.43,21.51
2016-06-08,30.75,20.53
2016-06-09,30.23,22.08
2016-06-10,32.94,21.02
2016-06-11,31.53,20.55
2016-06-12,30.65,21.29
2016-06-13,28.07,20.84
2016-06-14,29.22,20.36
2016-06-15,29.96,20.66
2016-06-16,30.69,21.13
2016-06-17,32.25,20.19
2016-06-18,28.09,21.74
2016-06-19,28.35,20.82
2016-06-20,25.82,19.46
2016-06-21,29.52,18.32
2016-06-22,29.36,20.2
2016-06-23,28.39,20.32
2016-06-24,29.16,20.12
2016-06-25,28.04,20.3
2016-06-26,29.26,19.67
2016-06-27,30.12,20.44
2016-06-28,29.93,20.62
2016-06-29,29.46,21.65
2016-06-30,29.06,21.28
2016-07-01,29.72,20.45
2016-07-02,31.21,20.24
2016-07-03,32.76,21.53
2016-07-04,32.42,20.24
2016-07-05,27.61,21.1
2016-07-06,30.13,19.96
2016-07-07,29.87,20.38
2016-07-08,31.16,20.98
2016-07-09,30.97,21.54
2016-07-10,30.87,21.15
2016-07-11,31.65,21.27
2016-07-12,31.24,21.12
2016-07-13,31.93,21.43
2016-07-14,28.84,20.94
2016-07-15,28.26,21.32
2016-07-16,26.61,20.34
2016-07-17,27.71,20.08
2016-07-18,29.57,20.37
2016-07-19,30.23,20.15
2016-07-20,30.13,20.11
2016-07-21,28.77,20.64
2016-07-22,30.87,20.26
2016-07-23,30.33,20.49
2016-07-24,30.53,20.73
2016-07-25,28.44,21.12
2016-07-26,31.23,20.15
2016-07-27,28.52,20.6
2016-07-28,27.04,20.23
2016-07-29,29.07,19.15
2016-07-30,30.44,20.76
2016-07-31,30.21,21.36
2016-08-01,27.7,21.39
2016-08-02,26.73,20.84
2016-08-03,26.92,20.56
2016-08-04,28.85,21.12
2016-08-05,30.43,20.06
2016-08-06,29.97,19.73
2016-08-07,31.35,21.34
2016-08-08,32.11,20.97
2016-08-09,29.03,22.41
2016-08-10,30.07,20.77
2016-08-11,29.32,20.84
2016-08-12,28.31,21.25
2016-08-13,27.53,20.89
2016-08-14,30.48,20.26
2016-08-15,32.51,19.62
2016-08-16,31.33,21.53
2016-08-17,32.52,20.84
2016-08-18,32.51,21.59
2016-08-19,31.45,21.13
2016-08-20,29.69,20.78
2016-08-21,31.83,21.1
2016-08-22,30.31,21.39
2016-08-23,31.51,21.34
2016-08-24,30.54,20.12
2016-08-25,29.7,21.6
2016-08-26,30.55,20.7
2016-08-27,31.59,20.59
2016-08-28,29.47,21.03
2016-08-29,29.36,21.18
2016-08-30,31.98,19.53
2016-08-31,32.45,20.38
2016-09-01,30.7,21.63
2016-09-02,30.94,21.14
2016-09-03,31.18,21.0
2016-09-04,30.34,21.22
2016-09-05,26.95,21.09
2016-09-06,30.36,20.86
2016-09-07,28.66,21.09
2016-09-08,28.59,20.66
2016-09-09,28.38,21.03
2016-09-10,28.72,20.62
2016-09-11,30.93,20.42
2016-09-12,30.25,20.97
2016-09-13,31.48,21.6
2016-09-14,31.67,21.04
2016-09-15,31.52,21.3
2016-09-16,31.55,20.67
2016-09-17,30.52,21.25
2016-09-18,30.38,20.27
2016-09-19,29.79,20.51
2016-09-20,29.99,20.84
2016-09-21,30.06,21.25
2016-09-22,29.82,20.72
2016-09-23,32.16,21.03
2016-09-24,33.33,20.34
2016-09-25,31.03,21.13
2016-09-26,28.46,21.41
2016-09-27,31.67,21.1
2016-09-28,33.51,20.81
2016-09-29,34.9,20.88
2016-09-30,27.28,21.48
2016-10-01,26.69,21.02
2016-10-02,28.21,20.33
2016-10-03,26.93,20.86
2016-10-04,30.95,19.63
2016-10-05,29.84,19.59
2016-10-06,30.53,21.06
2016-10-07,31.64,21.03
2016-10-08,33.13,20.47
2016-10-09,32.04,20.87
2016-10-10,30.34,20.94
2016-10-11,29.99,21.56
2016-10-12,32.05,20.62
2016-10-13,28.51,21.49
2016-10-14,28.89,21.06
2016-10-15,27.74,21.37
2016-10-16,29.48,21.03
2016-10-17,29.97,21.11
2016-10-18,28.98,21.4
2016-10-19,29.03,20.86
2016-10-20,30.97,20.74
2016-10-21,32.92,20.66
2016-10-22,32.99,21.43
2016-10-23,32.97,21.83
2016-10-24,31.52,21.89
2016-10-25,32.29,21.0
2016-10-26,32.63,21.24
2016-10-27,27.85,21.89
2016-10-28,29.64,21.07
2016-10-29,28.25,20.95
2016-10-30,29.31,21.07
2016-10-31,31.44,20.21
2016-11-01,29.62,21.83
2016-11-02,25.69,21.74
2016-11-03,28.48,21.22
2016-11-04,28.21,20.89
2016-11-05,29.12,20.35
2016-11-06,30.08,19.94
2016-11-07,29.92,20.64
2016-11-08,28.9,21.18
2016-11-09,29.13,21.48
2016-11-10,26.98,21.71
2016-11-11,28.86,21.2
2016-11-12,27.79,21.19
2016-11-13,29.85,20.85
2016-11-14,32.53,20.64
2016-11-15,32.36,19.44
2016-11-16,32.44,19.84
2016-11-17,31.72,19.62
2016-11-18,28.38,21.34
2016-11-19,29.25,20.55
2016-11-20,26.96,20.64
2016-11-21,26.89,20.58
2016-11-22,29.16,20.42
2016-11-23,30.93,20.73
2016-11-24,29.07,21.06
2016-11-25,26.63,20.83
2016-11-26,27.74,21.46
2016-11-27,24.64,20.82
2016-11-28,25.8,20.17
2016-11-29,27.68,20.71
2016-11-30,25.04,20.2
2016-12-01,24.51,20.53
2016-12-02,27.89,19.01
2016-12-03,28.62,19.93
2016-12-04,29.93,19.47
2016-12-05,29.75,20.05
2016-12-06,29.21,20.34
2016-12-07,29.63,20.2
2016-12-08,28.0,20.08
2016-12-09,26.68,20.55
2016-12-10,26.31,19.98
2016-12-11,27.75,20.11
2016-12-12,28.11,19.8
2016-12-13,28.27,19.56
2016-12-14,28.38,18.33
2016-12-15,27.66,19.92
2016-12-16,28.69,19.11
2016-12-17,28.73,18.89
2016-12-18,27.69,18.92
2016-12-19,27.57,17.78
2016-12-20,27.12,17.85
2016-12-21,27.21,18.16
2016-12-22,27.65,19.13
2016-12-23,28.22,19.18
2016-12-24,27.75,19.62
2016-12-25,27.87,19.71
2016-12-26,27.64,18.28
2016-12-27,28.08,17.97
2016-12-28,28.33,18.23
2016-12-29,28.36,19.52
2016-12-30,28.04,19.76
2016-12-31,28.98,19.45
2017-01-01,28.06,18.8
2017-01-02,28.79,16.53
2017-01-03,29.04,16.5
2017-01-04,29.14,17.87
2017-01-05,28.74,19.0
2017-01-06,28.18,19.87
2017-01-07,28.8,20.09
2017-01-08,28.52,19.93
2017-01-09,25.74,18.39
2017-01-10,25.05,17.03
2017-01-11,25.55,15.97
2017-01-12,25.99,17.28
2017-01-13,27.3,17.53
2017-01-14,25.76,16.66
2017-01-15,26.37,16.37
2017-01-16,26.65,17.05
2017-01-17,26.96,17.32
2017-01-18,27.73,17.43
2017-01-19,28.5,17.7
2017-01-20,29.02,18.06
2017-01-21,29.43,18.65
2017-01-22,29.2,18.34
2017-01-23,29.73,17.7
2017-01-24,30.34,19.12
2017-01-25,30.09,18.88
2017-01-26,29.82,18.26
2017-01-27,29.81,17.58
2017-01-28,29.17,17.37
2017-01-29,30.15,18.95
2017-01-30,29.36,19.92
2017-01-31,29.81,19.28
2017-02-01,29.99,18.35
2017-02-02,29.95,18.83
2017-02-03,30.24,19.76
2017-02-04,31.55,19.46
2017-02-05,30.97,19.23
2017-02-06,31.87,19.24
2017-02-07,31.52,18.63
2017-02-08,31.76,19.02
2017-02-09,30.57,19.25
2017-02-10,29.26,18.84
2017-02-11,29.56,18.14
2017-02-12,30.1,18.2
2017-02-13,30.87,17.65
2017-02-14,31.06,18.12
2017-02-15,30.98,18.08
2017-02-16,32.02,17.97
2017-02-17,31.97,18.23
2017-02-18,31.81,16.39
2017-02-19,31.89,16.21
2017-02-20,32.66,18.4
2017-02-21,33.06,19.46
2017-02-22,33.12,17.79
2017-02-23,26.23,18.98
2017-02-24,32.55,18.83
2017-02-25,33.05,20.27
2017-02-26,31.79,19.69
2017-02-27,31.03,18.64
2017-02-28,31.26,18.45
2017-03-01,31.22,19.26
2017-03-02,31.98,18.88
2017-03-03,31.38,19.04
2017-03-04,30.02,19.91
2017-03-05,32.16,20.01
2017-03-06,32.07,20.0
2017-03-07,31.42,20.05
2017-03-08,29.92,19.74
2017-03-09,29.83,18.96
2017-03-10,31.26,19.65
2017-03-11,32.87,19.85
2017-03-12,32.3,20.88
2017-03-13,31.39,20.47
2017-03-14,33.85,19.68
2017-03-15,33.74,19.64
2017-03-16,32.14,18.87
2017-03-17,32.54,18.74
2017-03-18,31.16,18.58
2017-03-19,31.26,18.83
2017-03-20,31.16,19.55
2017-03-21,31.96,19.11
2017-03-22,32.46,20.04
2017-03-23,31.27,21.49
2017-03-24,29.07,21.15
2017-03-25,29.1,19.97
2017-03-26,32.53,19.72
2017-03-27,30.83,20.83
2017-03-28,30.74,21.45
2017-03-29,28.11,21.66
2017-03-30,31.04,21.63
2017-03-31,33.63,20.66
2017-04-01,33.9,20.39
2017-04-02,34.5,21.29
2017-04-03,33.75,21.5
2017-04-04,34.52,20.42
2017-04-05,33.88,21.16
2017-04-06,34.7,20.4
2017-04-07,34.37,20.18
2017-04-08,34.1,20.65
2017-04-09,33.34,20.51
2017-04-10,29.64,20.98
2017-04-11,33.32,20.35
2017-04-12,31.51,20.95
2017-04-13,29.13,21.67
2017-04-14,28.49,20.66
2017-04-15,32.32,21.52
2017-04-16,30.41,21.66
2017-04-17,29.34,22.02
2017-04-18,30.63,20.97
2017-04-19,33.03,21.31
2017-04-20,31.55,21.06
2017-04-21,29.21,21.25
2017-04-22,31.98,21.01
2017-04-23,31.94,21.03
2017-04-24,30.86,21.77
2017-04-25,31.75,21.99
2017-04-26,32.46,22.75
2017-04-27,34.71,21.32
2017-04-28,31.51,22.25
2017-04-29,31.91,21.24
2017-04-30,31.23,21.9
2017-05-01,30.8,20.87
2017-05-02,31.23,21.28
2017-05-03,30.44,22.01
2017-05-04,33.0,21.38
2017-05-05,31.85,22.07
2017-05-06,32.44,21.65
2017-05-07,33.5,22.04
2017-05-08,32.28,21.77
2017-05-09,29.62,22.46
2017-05-10,28.44,22.08
2017-05-11,34.52,21.01
2017-05-12,29.1,22.31
2017-05-13,33.78,21.06
2017-05-14,31.91,22.76
2017-05-15,30.01,22.1
2017-05-16,27.0,21.44
2017-05-17,32.35,20.03
2017-05-18,33.97,21.04
2017-05-19,33.12,22.19
2017-05-20,33.77,22.11
2017-05-21,32.95,21.96
2017-05-22,30.99,22.27
2017-05-23,26.42,22.08
2017-05-24,30.43,21.35
2017-05-25,31.61,21.85
2017-05-26,32.47,21.53
2017-05-27,32.71,20.64
2017-05-28,30.31,21.69
2017-05-29,31.4,21.57
2017-05-30,27.93,20.52
2017-05-31,29.28,20.29
2017-06-01,28.09,20.35
2017-06-02,32.79,18.84
2017-06-03,31.54,20.86
2017-06-04,31.36,21.57
2017-06-05,31.02,22.06
2017-06-06,30.76,21.78
2017-06-07,31.28,21.89
2017-06-08,28.26,21.79
2017-06-09,31.25,20.83
2017-06-10,30.52,21.32
2017-06-11,30.81,21.57
2017-06-12,30.01,21.25
2017-06-13,29.49,20.8
2017-06-14,28.8,21.38
2017-06-15,31.17,21.62
2017-06-16,29.51,21.61
2017-06-17,29.4,21.19
2017-06-18,30.45,21.77
2017-06-19,30.24,21.47
2017-06-20,29.34,21.05
2017-06-21,25.44,20.42
2017-06-22,31.7,19.16
2017-06-23,32.86,20.77
2017-06-24,28.97,20.75
2017-06-25,30.62,19.79
2017-06-26,30.53,20.8
2017-06-27,32.55,20.29
2017-06-28,31.62,19.49
2017-06-29,27.92,20.06
2017-06-30,27.24,18.98
2017-07-01,30.27,20.42
2017-07-02,27.78,20.98
2017-07-03,29.86,19.97
2017-07-04,30.84,20.46
2017-07-05,30.64,20.8
2017-07-06,29.31,20.89
2017-07-07,27.99,20.85
2017-07-08,28.97,20.66
2017-07-09,28.56,20.64
2017-07-10,28.53,20.84
2017-07-11,29.85,20.74
2017-07-12,29.76,20.78
2017-07-13,28.03,19.9
2017-07-14,30.2,20.27
2017-07-15,27.47,20.86
2017-07-16,28.41,20.98
2017-07-17,30.37,20.93
2017-07-18,29.05,20.58
2017-07-19,27.23,20.5
2017-07-20,27.57,19.77
2017-07-21,30.27,19.26
2017-07-22,30.16,20.05
2017-07-23,28.14,20.59
2017-07-24,30.43,20.21
2017-07-25,28.27,21.82
2017-07-26,29.01,21.04
2017-07-27,28.77,21.09
2017-07-28,29.24,20.63
2017-07-29,30.65,21.73
2017-07-30,28.28,21.17
2017-07-31,26.28,20.32
2017-08-01,32.01,18.99
2017-08-02,32.71,20.1
2017-08-03,25.83,21.42
2017-08-04,28.61,20.43
2017-08-05,29.7,21.31
2017-08-06,30.25,21.42
2017-08-07,29.88,20.78
2017-08-08,30.12,21.53
2017-08-09,32.05,20.71
2017-08-10,28.7,21.78
2017-08-11,30.15,21.04
2017-08-12,28.65,20.69
2017-08-13,31.98,20.37
2017-08-14,32.24,21.28
2017-08-15,33.04,21.79
2017-08-16,31.73,22.4
2017-08-17,30.59,21.91
2017-08-18,27.9,21.82
2017-08-19,27.6,21.46
2017-08-20,26.63,21.4
2017-08-21,29.93,19.93
2017-08-22,29.29,20.64
2017-08-23,29.05,21.27
2017-08-24,30.59,20.33
2017-08-25,31.22,20.34
2017-08-26,31.14,20.69
2017-08-27,30.81,21.24
2017-08-28,28.11,21.07
2017-08-29,28.55,20.94
2017-08-30,30.48,19.74
2017-08-31,27.46,21.32
2017-09-01,29.29,20.95
2017-09-02,31.04,20.64
2017-09-03,26.53,20.8
2017-09-04,30.88,20.5
2017-09-05,32.3,21.52
2017-09-06,29.15,21.84
2017-09-07,31.39,20.31
2017-09-08,27.9,20.81
2017-09-09,26.49,20.19
2017-09-10,29.85,20.19
2017-09-11,31.25,21.01
2017-09-12,29.24,20.15
2017-09-13,26.47,20.83
2017-09-14,29.62,20.26
2017-09-15,30.99,21.27
2017-09-16,27.01,21.11
2017-09-17,31.27,20.25
2017-09-18,32.41,19.38
2017-09-19,32.66,20.0
2017-09-20,32.03,21.54
2017-09-21,28.9,21.36
2017-09-22,31.46,21.01
2017-09-23,29.04,21.7
2017-09-24,28.39,20.97
2017-09-25,30.39,21.16
2017-09-26,30.24,20.48
2017-09-27,30.62,20.17
2017-09-28,28.99,20.73
2017-09-29,28.73,20.59
2017-09-30,28.45,20.28
2017-10-01,28.91,20.27
2017-10-02,33.38,20.81
2017-10-03,30.37,20.91
2017-10-04,25.48,19.87
2017-10-05,30.76,18.83
2017-10-06,27.65,19.74
2017-10-07,30.86,20.49
2017-10-08,32.48,19.81
2017-10-09,31.14,20.88
2017-10-10,29.36,20.9
2017-10-11,28.71,20.91
2017-10-12,30.49,20.69
2017-10-13,31.42,20.86
2017-10-14,32.27,20.86
2017-10-15,29.59,21.73
2017-10-16,30.28,21.22
2017-10-17,31.09,21.3
2017-10-18,30.88,21.31
2017-10-19,28.26,21.25
2017-10-20,29.12,20.19
2017-10-21,30.43,20.76
2017-10-22,30.53,20.89
2017-10-23,30.9,21.04
2017-10-24,31.12,20.6
2017-10-25,30.24,20.84
2017-10-26,31.28,20.74
2017-10-27,27.48,20.73
2017-10-28,29.18,20.47
2017-10-29,30.44,20.89
2017-10-30,31.52,20.27
2017-10-31,32.96,20.36
2017-11-01,32.79,20.38
2017-11-02,31.93,20.36
2017-11-03,29.32,20.69
2017-11-04,28.3,20.75
2017-11-05,28.5,21.07
2017-11-06,26.77,20.44
2017-11-07,31.9,19.71
2017-11-08,31.32,20.74
2017-11-09,29.1,21.75
2017-11-10,31.62,20.74
2017-11-11,33.1,20.87
2017-11-12,31.71,20.43
2017-11-13,31.83,20.78
2017-11-14,28.52,20.6
2017-11-15,29.34,19.92
2017-11-16,28.24,21.32
2017-11-17,29.41,21.31
2017-11-18,26.62,21.3
2017-11-19,29.19,20.81
2017-11-20,31.4,20.66
2017-11-21,31.66,20.74
2017-11-22,31.83,21.27
2017-11-23,28.78,21.72
2017-11-24,30.99,21.47
2017-11-25,30.76,20.71
2017-11-26,30.38,20.09
2017-11-27,31.7,19.57
2017-11-28,31.84,20.81
2017-11-29,30.43,20.43
2017-11-30,32.22,20.67
2017-12-01,32.64,19.46
2017-12-02,28.94,21.29
2017-12-03,30.93,21.42
2017-12-04,30.97,20.99
2017-12-05,30.92,21.47
2017-12-06,31.98,20.54
2017-12-07,31.93,21.08
2017-12-08,31.69,20.14
2017-12-09,30.56,20.04
2017-12-10,31.77,20.09
2017-12-11,32.02,19.08
2017-12-12,32.68,18.44
2017-12-13,31.93,17.35
2017-12-14,27.81,19.38
2017-12-15,30.48,18.8
2017-12-16,30.17,17.55
2017-12-17,29.47,18.46
2017-12-18,29.47,18.96
2017-12-19,29.82,18.56
2017-12-20,30.08,18.99
2017-12-21,30.41,18.79
2017-12-22,30.68,19.39
2017-12-23,30.91,19.12
2017-12-24,30.17,19.18
2017-12-25,29.81,18.45
2017-12-26,29.47,18.85
2017-12-27,28.9,19.23
2017-12-28,30.42,19.7
2017-12-29,30.09,19.7
2017-12-30,29.1,19.82
2017-12-31,27.32,20.15
2018-01-01,29.13,19.98
2018-01-02,30.1,19.78
2018-01-03,30.02,19.52
2018-01-04,30.4,19.23
2018-01-05,31.2,20.16
2018-01-06,30.26,18.54
2018-01-07,31.13,19.19
2018-01-08,30.3,19.44
2018-01-09,29.82,18.97
2018-01-10,30.15,17.89
2018-01-11,31.19,18.66
2018-01-12,31.16,19.29
2018-01-13,30.68,20.61
2018-01-14,31.94,19.88
2018-01-15,31.19,19.21
2018-01-16,30.07,19.73
2018-01-17,29.38,19.66
2018-01-18,29.9,20.29
2018-01-19,30.89,19.82
2018-01-20,31.16,19.57
2018-01-21,30.14,19.38
2018-01-22,30.8,19.08
2018-01-23,31.43,19.27
2018-01-24,30.65,19.16
2018-01-25,31.93,18.55
2018-01-26,30.12,19.19
2018-01-27,30.21,18.07
2018-01-28,29.53,18.14
2018-01-29,29.62,18.34
2018-01-30,30.1,18.75
2018-01-31,31.46,18.97
2018-02-01,31.5,19.08
2018-02-02,31.63,18.33
2018-02-03,31.39,18.16
2018-02-04,31.32,18.26
2018-02-05,31.27,17.74
2018-02-06,28.49,17.58
2018-02-07,28.12,17.32
2018-02-08,28.68,17.35
2018-02-09,28.04,18.3
2018-02-10,30.15,18.07
2018-02-11,29.94,19.2
2018-02-12,29.22,18.05
2018-02-13,28.27,16.06
2018-02-14,29.7,16.82
2018-02-15,28.61,18.06
2018-02-16,29.63,17.9
2018-02-17,28.94,17.7
2018-02-18,30.06,17.19
2018-02-19,29.68,17.01
2018-02-20,29.08,16.47
2018-02-21,28.25,16.95
2018-02-22,29.1,17.03
2018-02-23,28.39,17.46
2018-02-24,29.32,17.18
2018-02-25,30.06,17.66
2018-02-26,31.08,17.25
2018-02-27,30.68,17.7
2018-02-28,30.82,17.1
2018-03-01,31.32,16.92
2018-03-02,32.15,17.72
2018-03-03,32.7,17.56
2018-03-04,31.88,19.08
2018-03-05,27.9,20.24
2018-03-06,28.44,18.78
2018-03-07,30.99,19.6
2018-03-08,32.9,20.68
2018-03-09,32.86,20.04
2018-03-10,32.44,19.53
2018-03-11,32.41,19.87
2018-03-12,32.77,18.48
2018-03-13,33.86,19.64
2018-03-14,33.82,20.2
2018-03-15,34.6,20.36
2018-03-16,33.7,19.3
2018-03-17,34.49,19.63
2018-03-18,33.62,19.99
2018-03-19,34.51,18.25
2018-03-20,34.11,17.29
2018-03-21,31.95,17.68
2018-03-22,34.55,21.32
2018-03-23,34.28,20.02
2018-03-24,33.07,19.33
2018-03-25,33.87,18.9
2018-03-26,33.25,19.46
2018-03-27,32.2,20.18
2018-03-28,32.8,20.04
2018-03-29,32.56,20.09
2018-03-30,33.4,20.07
2018-03-31,33.07,20.2
2018-04-01,32.49,20.59
2018-04-02,33.06,20.22
2018-04-03,31.34,20.23
2018-04-04,33.9,20.0
2018-04-05,30.74,20.08
2018-04-06,33.3,19.14
2018-04-07,32.63,19.96
2018-04-08,33.36,19.56
2018-04-09,29.78,20.63
2018-04-10,31.08,20.54
2018-04-11,30.48,20.52
2018-04-12,30.77,19.93
2018-04-13,31.45,20.66
2018-04-14,32.56,20.08
2018-04-15,29.19,21.17
2018-04-16,32.38,20.74
2018-04-17,31.09,21.89
2018-04-18,26.64,20.92
2018-04-19,31.19,20.45
2018-04-20,32.09,20.81
2018-04-21,33.06,20.61
2018-04-22,29.43,20.86
2018-04-23,30.62,20.87
2018-04-24,29.93,20.63
2018-04-25,31.49,20.42
2018-04-26,32.86,21.46
2018-04-27,28.49,21.92
2018-04-28,32.8,21.7
2018-04-29,32.64,20.97
2018-04-30,32.58,21.04
2018-05-01,31.51,21.37
2018-05-02,32.25,21.06
2018-05-03,30.29,21.66
2018-05-04,27.45,21.64
2018-05-05,27.84,20.79
2018-05-06,30.83,20.68
2018-05-07,31.57,21.15
2018-05-08,28.29,21.44
2018-05-09,30.78,21.01
2018-05-10,30.81,21.33
2018-05-11,31.47,21.04
2018-05-12,31.19,20.84
2018-05-13,32.68,20.82
2018-05-14,31.4,21.28
2018-05-15,28.22,20.86
2018-05-16,30.79,20.35
2018-05-17,31.42,20.57
2018-05-18,32.28,20.42
2018-05-19,31.01,20.93
2018-05-20,27.67,20.16
2018-05-21,28.03,20.83
2018-05-22,30.12,20.28
2018-05-23,30.96,21.67
2018-05-24,29.99,21.52
2018-05-25,26.87,21.1
2018-05-26,29.64,20.95
2018-05-27,31.94,19.64
2018-05-28,29.62,21.72
2018-05-29,31.79,20.46
2018-05-30,32.76,20.44
2018-05-31,33.05,20.95
2018-06-01,33.12,20.83
2018-06-02,30.58,20.89
2018-06-03,28.84,21.61
2018-06-04,32.26,20.69
2018-06-05,30.26,20.73
2018-06-06,30.21,20.24
2018-06-07,32.22,20.73
2018-06-08,33.14,21.31
2018-06-09,31.39,20.57
2018-06-10,31.8,20.92
2018-06-11,29.6,22.04
2018-06-12,32.25,21.09
2018-06-13,32.28,21.21
2018-06-14,28.08,20.63
2018-06-15,31.7,19.96
2018-06-16,30.72,20.36
2018-06-17,27.68,21.63
2018-06-18,28.42,20.97
2018-06-19,29.33,20.73
2018-06-20,28.73,21.0
2018-06-21,30.53,19.99
2018-06-22,29.98,20.84
2018-06-23,31.08,20.5
2018-06-24,27.72,21.2
2018-06-25,28.27,20.75
2018-06-26,29.48,20.08
2018-06-27,29.91,20.58
2018-06-28,29.81,20.6
2018-06-29,29.63,19.94
2018-06-30,31.56,20.66
2018-07-01,24.45,20.58
2018-07-02,26.23,20.14
2018-07-03,30.64,19.99
2018-07-04,28.1,20.79
2018-07-05,29.92,20.84
2018-07-06,31.43,19.73
2018-07-07,32.22,20.8
2018-07-08,31.51,21.52
2018-07-09,30.34,21.05
2018-07-10,29.88,19.61
2018-07-11,29.52,18.44
2018-07-12,28.99,20.01
2018-07-13,28.33,20.58
2018-07-14,28.15,20.28
2018-07-15,29.56,20.14
2018-07-16,31.93,20.44
2018-07-17,31.74,20.73
2018-07-18,29.84,20.81
2018-07-19,29.54,21.25
2018-07-20,30.11,20.95
2018-07-21,30.91,20.71
2018-07-22,30.46,21.1
2018-07-23,30.22,20.76
2018-07-24,30.88,20.51
2018-07-25,28.28,20.05
2018-07-26,29.87,19.43
2018-07-27,29.38,19.5
2018-07-28,30.06,20.38
2018-07-29,31.07,21.23
2018-07-30,31.85,21.29
2018-07-31,29.62,21.58
2018-08-01,29.49,20.27
2018-08-02,29.65,20.14
2018-08-03,30.85,20.99
2018-08-04,33.01,20.2
2018-08-05,30.19,21.17
2018-08-06,31.02,20.65
2018-08-07,31.61,20.39
2018-08-08,30.34,21.14
2018-08-09,27.55,20.47
2018-08-10,28.98,19.43
2018-08-11,28.71,21.14
2018-08-12,29.65,20.07
2018-08-13,31.19,20.26
2018-08-14,29.32,20.53
2018-08-15,31.11,19.68
2018-08-16,30.69,20.36
2018-08-17,29.94,20.08
2018-08-18,27.38,20.78
2018-08-19,28.53,19.98
2018-08-20,29.65,20.56
2018-08-21,27.63,19.96
2018-08-22,27.1,19.92
2018-08-23,28.3,19.72
2018-08-24,29.25,19.83
2018-08-25,28.97,20.67
2018-08-26,28.02,20.72
2018-08-27,27.11,20.28
2018-08-28,28.88,19.49
2018-08-29,30.58,20.11
2018-08-30,29.2,20.48
2018-08-31,29.75,20.19
2018-09-01,28.96,20.25
2018-09-02,32.55,20.06
2018-09-03,31.23,20.76
2018-09-04,27.92,19.92
2018-09-05,26.89,18.71
2018-09-06,26.96,19.74
2018-09-07,27.49,19.48
2018-09-08,27.51,20.8
2018-09-09,29.35,19.93
2018-09-10,30.46,19.94
2018-09-11,29.06,20.36
2018-09-12,29.07,20.81
2018-09-13,28.0,20.27
2018-09-14,29.5,19.47
2018-09-15,28.56,19.95
2018-09-16,29.52,20.12
2018-09-17,27.45,20.51
2018-09-18,29.14,19.34
2018-09-19,29.37,19.88
2018-09-20,29.96,21.08
2018-09-21,29.37,20.31
2018-09-22,26.93,20.91
2018-09-23,25.97,20.41
2018-09-24,26.8,20.51
2018-09-25,28.85,20.19
2018-09-26,28.25,20.41
2018-09-27,30.16,19.9
2018-09-28,28.5,20.18
2018-09-29,27.6,21.02
2018-09-30,28.87,20.72
2018-10-01,29.26,20.84
2018-10-02,28.41,20.76
2018-10-03,28.46,20.52
2018-10-04,27.95,19.54
2018-10-05,26.88,20.42
2018-10-06,29.13,20.44
2018-10-07,27.88,20.51
2018-10-08,28.12,21.13
2018-10-09,28.28,20.27
2018-10-10,28.89,20.17
2018-10-11,28.39,20.34
2018-10-12,28.6,20.51
2018-10-13,27.12,20.25
2018-10-14,27.05,19.4
2018-10-15,27.75,20.16
2018-10-16,30.33,20.62
2018-10-17,30.66,19.57
2018-10-18,28.35,21.34
2018-10-19,26.57,21.39
2018-10-20,26.48,20.57
2018-10-21,26.75,20.31
2018-10-22,27.3,20.17
2018-10-23,27.43,20.26
2018-10-24,28.68,20.07
2018-10-25,28.57,20.14
2018-10-26,27.52,20.63
2018-10-27,29.47,21.37
2018-10-28,30.6,20.83
2018-10-29,29.8,19.55
2018-10-30,30.79,19.93
2018-10-31,29.43,20.95
2018-11-01,26.62,20.59
2018-11-02,28.49,20.27
2018-11-03,28.56,19.83
2018-11-04,28.63,19.78
2018-11-05,29.74,19.6
2018-11-06,29.83,20.28
2018-11-07,29.89,20.74
2018-11-08,28.91,20.25
2018-11-09,28.75,20.85
2018-11-10,29.01,21.06
2018-11-11,30.89,20.77
2018-11-12,30.69,20.99
2018-11-13,32.07,20.7
2018-11-14,30.77,21.31
2018-11-15,27.53,22.15
2018-11-16,26.38,21.56
2018-11-17,27.2,21.07
2018-11-18,29.3,20.79
2018-11-19,31.13,20.44
2018-11-20,30.88,20.81
2018-11-21,31.63,21.02
2018-11-22,31.72,19.95
2018-11-23,31.89,19.24
2018-11-24,31.03,19.03
2018-11-25,31.13,19.95
2018-11-26,30.79,21.11
2018-11-27,31.45,20.03
2018-11-28,31.14,19.85
2018-11-29,31.35,19.4
2018-11-30,30.8,18.54
2018-12-01,29.71,18.72
2018-12-02,30.02,19.16
2018-12-03,30.58,18.18
2018-12-04,30.23,18.86
2018-12-05,30.78,18.47
2018-12-06,30.9,18.91
2018-12-07,30.65,18.83
2018-12-08,31.48,19.36
2018-12-09,31.8,19.85
2018-12-10,30.43,18.34
2018-12-11,29.97,18.3
2018-12-12,31.48,20.26
2018-12-13,31.99,20.12
2018-12-14,31.31,18.24
2018-12-15,30.33,19.39
2018-12-16,31.05,18.06
2018-12-17,30.53,18.77
2018-12-18,31.41,19.66
2018-12-19,31.7,19.29
2018-12-20,30.8,19.89
2018-12-21,31.54,19.23
2018-12-22,31.07,18.39
2018-12-23,30.96,18.4
2018-12-24,30.87,17.47
2018-12-25,30.82,17.65
2018-12-26,30.57,18.06
2018-12-27,31.1,18.79
2018-12-28,29.62,18.74
2018-12-29,30.5,18.33
2018-12-30,30.87,17.66
2018-12-31,31.58,18.23
2019-01-01,30.8,18.34
2019-01-02,30.81,17.47
2019-01-03,30.78,18.7
2019-01-04,31.2,18.73
2019-01-05,31.65,18.44
2019-01-06,31.1,18.65
2019-01-07,31.42,18.32
2019-01-08,31.36,18.64
2019-01-09,30.99,18.31
2019-01-10,29.53,18.6
2019-01-11,30.66,18.17
2019-01-12,30.26,19.0
2019-01-13,30.99,18.7
2019-01-14,31.49,18.02
2019-01-15,31.96,18.13
2019-01-16,32.02,18.63
2019-01-17,32.12,19.75
2019-01-18,31.97,19.85
2019-01-19,32.32,19.93
2019-01-20,32.75,18.94
2019-01-21,32.88,19.31
2019-01-22,32.07,19.3
2019-01-23,31.11,18.46
2019-01-24,32.23,18.85
2019-01-25,32.7,18.82
2019-01-26,32.02,19.25
2019-01-27,32.66,19.18
2019-01-28,35.08,19.29
2019-01-29,33.36,19.82
2019-01-30,32.63,19.56
2019-01-31,32.99,18.99
2019-02-01,33.44,18.47
2019-02-02,33.42,17.87
2019-02-03,32.43,18.51
2019-02-04,33.61,18.45
2019-02-05,33.39,19.16
2019-02-06,32.88,20.11
2019-02-07,32.69,19.86
2019-02-08,31.9,18.78
2019-02-09,32.23,18.54
2019-02-10,32.34,18.17
2019-02-11,31.26,18.61
2019-02-12,32.51,18.51
2019-02-13,33.07,19.58
2019-02-14,34.3,20.65
2019-02-15,34.81,21.3
2019-02-16,35.37,20.25
2019-02-17,33.85,21.08
2019-02-18,33.14,20.1
2019-02-19,33.23,19.48
2019-02-20,34.16,19.66
2019-02-21,32.82,18.58
2019-02-22,32.44,19.47
2019-02-23,33.4,19.11
2019-02-24,32.94,18.49
2019-02-25,32.19,18.36
2019-02-26,32.04,19.13
2019-02-27,32.92,18.9
2019-02-28,32.53,19.64
2019-03-01,33.42,19.7
2019-03-02,32.85,19.14
2019-03-03,33.24,18.42
2019-03-04,33.23,19.35
2019-03-05,31.59,20.14
2019-03-06,30.98,19.93
2019-03-07,31.48,18.9
2019-03-08,31.81,19.12
2019-03-09,33.02,19.62
2019-03-10,31.7,20.2
2019-03-11,31.31,19.36
2019-03-12,30.56,18.78
2019-03-13,31.91,19.03
2019-03-14,33.35,19.77
2019-03-15,32.71,20.11
2019-03-16,33.14,19.21
2019-03-17,33.0,20.47
2019-03-18,33.43,19.74
2019-03-19,32.06,20.2
2019-03-20,33.75,19.83
2019-03-21,34.3,19.47
2019-03-22,32.02,20.2
2019-03-23,33.92,19.94
2019-03-24,34.94,19.72
2019-03-25,35.69,17.98
2019-03-26,35.98,19.46
2019-03-27,34.42,20.01
2019-03-28,35.37,19.83
2019-03-29,34.04,21.69
2019-03-30,31.66,22.55
2019-03-31,32.78,21.95
2019-04-01,32.95,21.13
2019-04-02,33.76,19.65
2019-04-03,33.91,18.46
2019-04-04,33.77,19.44
2019-04-05,33.31,19.38
2019-04-06,34.84,19.49
2019-04-07,34.52,20.32
2019-04-08,33.44,19.48
2019-04-09,33.61,20.47
2019-04-10,32.32,20.97
2019-04-11,35.19,21.28
2019-04-12,34.77,21.42
2019-04-13,33.58,22.2
2019-04-14,34.83,21.89
2019-04-15,33.59,21.49
2019-04-16,34.12,21.12
2019-04-17,30.87,20.79
2019-04-18,31.6,21.1
2019-04-19,32.29,21.08
2019-04-20,33.14,21.59
2019-04-21,29.87,21.88
2019-04-22,30.37,21.19
2019-04-23,30.94,21.13
2019-04-24,29.79,21.21
2019-04-25,33.51,21.15
2019-04-26,33.0,22.6
2019-04-27,31.31,22.94
2019-04-28,33.72,21.52
2019-04-29,35.49,21.49
2019-04-30,35.37,21.59
2019-05-01,35.43,20.98
2019-05-02,34.94,21.26
2019-05-03,34.14,22.01
2019-05-04,34.39,22.19
2019-05-05,30.46,22.0
2019-05-06,33.11,22.16
2019-05-07,30.79,22.84
2019-05-08,31.86,22.32
2019-05-09,31.41,22.24
2019-05-10,29.38,22.38
2019-05-11,30.41,21.66
2019-05-12,32.27,21.58
2019-05-13,31.23,21.94
2019-05-14,30.93,21.13
2019-05-15,32.87,19.88
2019-05-16,33.52,20.75
2019-05-17,33.4,21.28
2019-05-18,32.39,21.93
2019-05-19,32.76,21.28
2019-05-20,33.35,22.12
2019-05-21,32.96,22.7
2019-05-22,32.39,22.36
2019-05-23,27.82,21.17
2019-05-24,29.9,20.0
2019-05-25,30.74,22.24
2019-05-26,31.14,22.24
2019-05-27,30.58,22.32
2019-05-28,31.06,22.1
2019-05-29,30.64,22.12
2019-05-30,28.61,22.06
2019-05-31,32.35,21.02
2019-06-01,29.28,21.06
2019-06-02,30.39,21.66
2019-06-03,31.23,21.67
2019-06-04,29.45,21.53
2019-06-05,28.9,20.82
2019-06-06,30.58,19.69
2019-06-07,31.16,20.65
2019-06-08,28.42,21.19
2019-06-09,32.03,19.98
2019-06-10,32.02,21.58
2019-06-11,31.9,22.0
2019-06-12,33.23,20.65
2019-06-13,33.54,20.83
2019-06-14,33.39,22.25
2019-06-15,29.88,22.67
2019-06-16,32.04,21.43
2019-06-17,26.05,21.41
2019-06-18,29.41,20.91
2019-06-19,28.39,21.5
2019-06-20,28.06,21.92
2019-06-21,29.64,21.23
2019-06-22,32.41,20.85
2019-06-23,27.72,21.68
2019-06-24,29.8,20.54
2019-06-25,29.59,20.99
2019-06-26,32.7,21.24
2019-06-27,32.33,19.88
2019-06-28,32.11,20.43
2019-06-29,31.78,21.73
2019-06-30,32.49,21.63
2019-07-01,30.35,20.95
2019-07-02,31.45,20.64
2019-07-03,33.02,20.61
2019-07-04,33.1,20.45
2019-07-05,30.34,22.02
2019-07-06,29.99,21.25
2019-07-07,31.78,20.91
2019-07-08,30.86,21.49
2019-07-09,28.81,20.83
2019-07-10,31.82,20.47
2019-07-11,33.18,21.15
2019-07-12,32.61,20.52
2019-07-13,28.39,21.77
2019-07-14,31.87,21.15
2019-07-15,34.29,20.17
2019-07-16,25.94,21.73
2019-07-17,26.39,20.72
2019-07-18,29.62,20.95
2019-07-19,30.68,20.96
2019-07-20,29.56,21.25
2019-07-21,31.78,20.45
2019-07-22,31.7,19.52
2019-07-23,30.04,21.41
2019-07-24,31.68,20.56
2019-07-25,31.69,21.44
2019-07-26,31.3,20.73
2019-07-27,28.27,21.45
2019-07-28,33.31,19.6
2019-07-29,31.54,21.38
2019-07-30,31.0,21.95
2019-07-31,30.84,21.99
2019-08-01,31.01,21.09
2019-08-02,34.2,20.63
2019-08-03,31.17,21.88
2019-08-04,28.67,21.31
2019-08-05,29.88,20.01
2019-08-06,30.94,20.92
2019-08-07,32.33,20.79
2019-08-08,30.25,21.38
2019-08-09,31.12,21.41
2019-08-10,32.78,21.51
2019-08-11,32.34,21.08
2019-08-12,31.36,22.38
2019-08-13,28.56,22.04
2019-08-14,28.96,20.7
2019-08-15,29.44,21.34
2019-08-16,31.93,20.31
2019-08-17,26.13,20.72
2019-08-18,27.0,20.37
2019-08-19,30.24,20.39
2019-08-20,29.31,20.81
2019-08-21,32.35,20.45
2019-08-22,31.39,21.46
2019-08-23,28.74,21.47
2019-08-24,30.22,21.24
2019-08-25,28.02,21.32
2019-08-26,30.83,20.69
2019-08-27,31.86,20.4
2019-08-28,28.85,21.18
2019-08-29,29.92,21.84
2019-08-30,31.12,20.43
2019-08-31,31.7,21.1
2019-09-01,30.25,21.74
2019-09-02,29.39,21.59
2019-09-03,31.96,21.0
2019-09-04,30.7,21.23
2019-09-05,29.83,21.36
2019-09-06,29.07,20.62
2019-09-07,31.41,20.64
2019-09-08,32.47,20.35
2019-09-09,32.94,21.71
2019-09-10,32.87,21.01
2019-09-11,29.07,21.93
2019-09-12,31.2,21.71
2019-09-13,29.78,21.81
2019-09-14,29.95,21.39
2019-09-15,33.16,20.54
2019-09-16,33.09,21.24
2019-09-17,31.24,21.88
2019-09-18,32.79,21.69
2019-09-19,29.24,21.81
2019-09-20,29.48,21.43
2019-09-21,28.59,21.43
2019-09-22,27.45,21.06
2019-09-23,30.5,20.36
2019-09-24,32.22,20.97
2019-09-25,29.97,21.11
2019-09-26,29.9,20.21
2019-09-27,33.31,19.5
2019-09-28,34.64,20.73
2019-09-29,31.61,21.28
2019-09-30,31.59,20.71
2019-10-01,32.16,20.41
2019-10-02,31.03,21.91
2019-10-03,30.18,21.55
2019-10-04,28.28,21.19
2019-10-05,29.56,20.06
2019-10-06,30.1,20.27
2019-10-07,29.9,20.84
2019-10-08,28.7,21.28
2019-10-09,28.51,20.62
2019-10-10,28.25,20.22
2019-10-11,27.97,20.42
2019-10-12,28.02,20.48
2019-10-13,29.2,20.39
2019-10-14,31.0,20.08
2019-10-15,28.7,21.38
2019-10-16,29.28,20.29
2019-10-17,30.23,19.83
2019-10-18,28.42,20.5
2019-10-19,29.9,19.99
2019-10-20,30.33,20.35
2019-10-21,30.7,21.26
2019-10-22,33.38,19.26
2019-10-23,29.4,20.37
2019-10-24,28.42,20.92
2019-10-25,31.68,19.63
2019-10-26,31.28,19.17
2019-10-27,31.33,20.65
2019-10-28,29.25,21.32
2019-10-29,31.61,21.06
2019-10-30,31.42,21.3
2019-10-31,31.08,21.51
2019-11-01,30.17,22.54
2019-11-02,27.36,21.58
2019-11-03,29.91,21.07
2019-11-04,29.63,20.53
2019-11-05,31.7,21.3
2019-11-06,28.18,22.17
2019-11-07,30.66,20.56
2019-11-08,29.58,21.75
2019-11-09,29.66,21.34
2019-11-10,30.5,20.87
2019-11-11,30.8,21.48
2019-11-12,28.92,21.96
2019-11-13,29.57,21.6
2019-11-14,31.59,21.15
2019-11-15,32.28,20.33
2019-11-16,32.65,20.18
2019-11-17,33.17,19.93
2019-11-18,33.43,19.21
2019-11-19,34.3,19.95
2019-11-20,30.83,20.32
2019-11-21,29.67,21.45
2019-11-22,29.89,20.76
2019-11-23,30.4,20.43
2019-11-24,32.89,19.89
2019-11-25,31.77,21.07
2019-11-26,31.08,21.25
2019-11-27,27.97,21.89
2019-11-28,32.28,21.27
2019-11-29,31.95,21.32
2019-11-30,31.65,19.89
2019-12-01,31.89,19.35
2019-12-02,31.53,20.79
2019-12-03,31.71,19.87
2019-12-04,32.52,20.79
2019-12-05,31.15,21.1
2019-12-06,32.94,20.63
2019-12-07,31.81,20.8
2019-12-08,30.84,19.73
2019-12-09,30.91,19.13
2019-12-10,30.08,19.27
2019-12-11,31.0,18.06
2019-12-12,31.29,19.8
2019-12-13,32.07,19.25
2019-12-14,32.42,20.97
2019-12-15,31.87,21.31
2019-12-16,29.05,21.47
2019-12-17,31.77,20.94
2019-12-18,31.11,21.01
2019-12-19,32.11,21.23
2019-12-20,31.63,21.56
2019-12-21,32.07,21.55
2019-12-22,32.44,21.31
2019-12-23,31.7,21.47
2019-12-24,30.61,21.3
2019-12-25,32.03,21.38
2019-12-26,32.36,21.25
2019-12-27,32.7,22.04
2019-12-28,32.07,21.82
2019-12-29,31.9,20.99
2019-12-30,31.31,20.01
2019-12-31,33.28,20.14
2020-01-01,32.49,19.73
2020-01-02,31.62,19.61
2020-01-03,31.87,19.31
2020-01-04,31.28,19.39
2020-01-05,30.36,17.93
2020-01-06,30.43,18.71
2020-01-07,32.41,18.64
2020-01-08,31.26,19.13
2020-01-09,29.33,18.01
2020-01-10,28.75,18.74
2020-01-11,29.92,19.55
2020-01-12,29.42,18.23
2020-01-13,28.89,18.15
2020-01-14,30.59,17.93
2020-01-15,31.76,19.45
2020-01-16,30.45,20.83
2020-01-17,32.34,20.76
2020-01-18,32.1,20.54
2020-01-19,31.58,19.67
2020-01-20,32.71,20.3
2020-01-21,32.37,21.15
2020-01-22,30.45,21.03
2020-01-23,33.83,21.17
2020-01-24,33.76,19.12
2020-01-25,33.99,19.19
2020-01-26,33.55,19.05
2020-01-27,34.44,20.26
2020-01-28,33.87,20.81
2020-01-29,33.88,19.69
2020-01-30,34.46,18.57
2020-01-31,34.09,20.76
2020-02-01,33.3,21.17
2020-02-02,32.75,20.67
2020-02-03,32.78,19.65
2020-02-04,33.4,19.02
2020-02-05,33.55,18.49
2020-02-06,32.51,18.67
2020-02-07,33.91,19.46
2020-02-08,33.45,18.84
2020-02-09,32.41,18.08
2020-02-10,33.08,19.83
2020-02-11,33.08,19.54
2020-02-12,33.24,19.93
2020-02-13,33.24,20.23
2020-02-14,33.11,20.24
2020-02-15,34.57,20.51
2020-02-16,34.77,19.65
2020-02-17,35.04,19.47
2020-02-18,33.98,20.48
2020-02-19,34.2,20.6
2020-02-20,33.85,20.15
2020-02-21,33.56,19.06
2020-02-22,32.73,19.29
2020-02-23,32.67,20.24
2020-02-24,32.18,19.79
2020-02-25,34.87,20.29
2020-02-26,34.39,19.49
2020-02-27,34.87,18.78
2020-02-28,34.51,19.65
2020-02-29,34.43,19.2
2020-03-01,34.67,19.69
2020-03-02,34.71,18.89
2020-03-03,34.73,18.9
2020-03-04,34.54,18.39
2020-03-05,35.03,19.31
2020-03-06,35.63,19.52
2020-03-07,35.86,19.19
2020-03-08,34.81,20.15
2020-03-09,33.14,19.94
2020-03-10,32.07,19.83
2020-03-11,32.97,19.55
2020-03-12,33.08,20.05
2020-03-13,34.41,19.79
2020-03-14,34.63,19.88
2020-03-15,34.18,19.29
2020-03-16,34.06,19.23
2020-03-17,34.71,19.73
2020-03-18,34.21,17.99
2020-03-19,32.89,19.75
2020-03-20,32.62,19.13
2020-03-21,32.95,18.88
2020-03-22,34.08,18.97
2020-03-23,32.96,20.24
2020-03-24,33.36,20.85
2020-03-25,33.87,20.59
2020-03-26,35.36,19.37
2020-03-27,35.06,18.75
2020-03-28,34.21,18.04
2020-03-29,34.32,19.76
2020-03-30,34.03,19.88
2020-03-31,33.57,19.44
2020-04-01,32.99,20.74
2020-04-02,33.84,21.35
2020-04-03,32.34,22.08
2020-04-04,30.86,23.06
2020-04-05,34.64,22.52
2020-04-06,34.46,22.64
2020-04-07,35.75,23.21
2020-04-08,36.98,22.37
2020-04-09,36.04,22.63
2020-04-10,35.88,22.3
2020-04-11,37.32,22.81
2020-04-12,36.53,19.92
2020-04-13,35.47,20.11
2020-04-14,35.54,19.75
2020-04-15,35.2,18.74
2020-04-16,34.16,20.04
2020-04-17,34.46,20.62
2020-04-18,32.19,20.86
2020-04-19,32.42,21.6
2020-04-20,33.36,21.44
2020-04-21,33.81,21.29
2020-04-22,32.38,22.63
2020-04-23,33.09,22.15
2020-04-24,34.59,20.56
2020-04-25,35.42,20.59
2020-04-26,36.0,21.01
2020-04-27,34.05,21.81
2020-04-28,34.81,20.97
2020-04-29,34.45,21.54
2020-04-30,35.25,20.66
2020-05-01,35.27,22.49
2020-05-02,33.32,22.68
2020-05-03,33.96,22.96
2020-05-04,36.11,23.29
2020-05-05,35.49,23.32
2020-05-06,35.09,22.73
2020-05-07,33.09,23.81
2020-05-08,34.09,23.87
2020-05-09,33.37,23.01
2020-05-10,35.8,22.54
2020-05-11,36.07,23.04
2020-05-12,35.95,22.7
2020-05-13,34.98,22.64
2020-05-14,31.51,23.22
2020-05-15,32.59,22.6
2020-05-16,34.81,23.15
2020-05-17,34.57,24.22
2020-05-18,34.17,24.25
2020-05-19,34.41,22.23
2020-05-20,36.59,23.14
2020-05-21,34.79,23.64
2020-05-22,33.83,24.86
2020-05-23,33.54,23.38
2020-05-24,33.24,23.48
2020-05-25,31.87,23.63
2020-05-26,33.51,23.42
2020-05-27,30.12,23.01
2020-05-28,28.95,22.3
2020-05-29,30.12,22.04
2020-05-30,31.72,21.6
2020-05-31,29.45,22.16
2020-06-01,30.15,21.61
2020-06-02,34.7,21.45
2020-06-03,35.56,21.08
2020-06-04,35.49,22.23
2020-06-05,34.47,23.02
2020-06-06,31.43,23.15
2020-06-07,31.61,23.13
2020-06-08,33.55,20.75
2020-06-09,33.87,21.19
2020-06-10,31.75,22.19
2020-06-11,32.66,21.98
2020-06-12,33.92,22.01
2020-06-13,33.91,22.74
2020-06-14,32.57,23.45
2020-06-15,30.28,22.81
2020-06-16,33.47,21.96
2020-06-17,32.67,22.67
2020-06-18,27.85,22.42
2020-06-19,31.67,21.37
2020-06-20,31.33,22.28
2020-06-21,33.44,22.26
2020-06-22,31.58,22.64
2020-06-23,33.36,22.12
2020-06-24,34.26,21.03
2020-06-25,32.68,21.01
2020-06-26,32.34,22.26
2020-06-27,32.1,21.24
2020-06-28,31.57,21.67
2020-06-29,30.87,21.32
2020-06-30,33.14,21.14
2020-07-01,32.3,21.74
2020-07-02,31.85,21.49
2020-07-03,31.81,22.15
2020-07-04,31.15,22.39
2020-07-05,32.76,21.04
2020-07-06,30.41,21.28
2020-07-07,31.4,22.07
2020-07-08,33.37,20.52
2020-07-09,32.21,22.05
2020-07-10,32.2,21.09
2020-07-11,31.67,21.83
2020-07-12,31.93,21.82
2020-07-13,32.09,22.21
2020-07-14,32.01,21.81
2020-07-15,32.97,22.11
2020-07-16,31.6,21.85
2020-07-17,32.41,21.51
2020-07-18,32.45,21.7
2020-07-19,30.81,22.51
2020-07-20,27.11,21.83
2020-07-21,27.31,21.34
2020-07-22,31.88,21.56
2020-07-23,33.0,21.85
2020-07-24,31.44,21.88
2020-07-25,33.13,21.62
2020-07-26,29.52,21.87
2020-07-27,31.12,20.89
2020-07-28,33.06,22.04
2020-07-29,32.7,22.09
2020-07-30,31.83,23.05
2020-07-31,32.57,22.05
2020-08-01,32.91,21.49
2020-08-02,33.51,21.92
2020-08-03,33.37,21.98
2020-08-04,32.53,21.94
2020-08-05,32.8,21.36
2020-08-06,29.87,22.08
2020-08-07,29.84,22.42
2020-08-08,28.49,22.23
2020-08-09,32.83,21.98
2020-08-10,29.58,22.19
2020-08-11,30.39,22.38
2020-08-12,33.11,22.28
2020-08-13,33.21,22.82
2020-08-14,36.03,22.44
2020-08-15,32.11,22.46
2020-08-16,32.24,22.65
2020-08-17,35.22,22.15
2020-08-18,32.36,22.47
2020-08-19,35.18,22.49
2020-08-20,34.15,23.26
2020-08-21,30.49,23.15
2020-08-22,32.04,22.73
2020-08-23,32.55,21.9
2020-08-24,33.15,21.86
2020-08-25,33.11,21.74
2020-08-26,31.77,22.02
2020-08-27,34.51,22.99
2020-08-28,32.69,22.65
2020-08-29,33.36,21.21
2020-08-30,35.5,20.76
2020-08-31,30.49,22.48
2020-09-01,34.97,21.62
2020-09-02,31.97,22.39
2020-09-03,33.02,21.53
2020-09-04,32.4,22.28
2020-09-05,34.14,21.89
2020-09-06,32.53,22.38
2020-09-07,31.26,22.08
2020-09-08,33.69,21.05
2020-09-09,31.05,22.86
2020-09-10,35.27,20.75
2020-09-11,34.17,22.99
2020-09-12,33.4,22.72
2020-09-13,33.27,21.49
2020-09-14,32.12,22.53
2020-09-15,33.19,21.88
2020-09-16,31.25,22.17
2020-09-17,33.69,21.52
2020-09-18,34.05,21.91
2020-09-19,33.02,22.73
2020-09-20,28.73,22.87
2020-09-21,34.74,21.48
2020-09-22,31.62,22.28
2020-09-23,31.98,22.15
2020-09-24,31.75,21.95
2020-09-25,33.46,21.0
2020-09-26,33.45,22.38
2020-09-27,33.07,22.13
2020-09-28,30.12,21.3
2020-09-29,32.05,21.66
2020-09-30,34.47,22.34
2020-10-01,29.9,22.58
2020-10-02,29.47,21.56
2020-10-03,31.54,20.32
2020-10-04,30.67,22.2
2020-10-05,29.29,21.99
2020-10-06,32.69,21.19
2020-10-07,34.39,20.98
2020-10-08,32.81,22.76
2020-10-09,31.44,22.02
2020-10-10,31.23,21.1
2020-10-11,31.55,20.72
2020-10-12,31.41,20.61
2020-10-13,32.24,21.09
2020-10-14,33.1,21.3
2020-10-15,33.32,21.07
2020-10-16,31.82,22.24
2020-10-17,31.67,21.54
2020-10-18,31.12,22.05
2020-10-19,32.15,20.73
2020-10-20,29.45,22.18
2020-10-21,29.68,21.83
2020-10-22,31.85,20.79
2020-10-23,31.72,22.64
2020-10-24,31.77,22.8
2020-10-25,32.86,22.64
2020-10-26,34.01,21.52
2020-10-27,35.19,21.48
2020-10-28,32.49,21.51
2020-10-29,31.87,21.29
2020-10-30,31.78,21.69
2020-10-31,31.67,22.8
2020-11-01,27.29,22.16
2020-11-02,31.16,21.42
2020-11-03,29.94,22.45
2020-11-04,31.45,21.87
2020-11-05,31.34,22.03
2020-11-06,33.52,21.8
2020-11-07,29.06,23.02
2020-11-08,29.16,21.97
2020-11-09,33.47,20.69
2020-11-10,29.57,22.23
2020-11-11,28.81,21.58
2020-11-12,29.8,21.53
2020-11-13,30.36,21.26
2020-11-14,30.06,21.61
2020-11-15,31.76,19.72
2020-11-16,30.57,21.54
2020-11-17,27.39,21.76
2020-11-18,27.37,20.72
2020-11-19,32.21,20.05
2020-11-20,33.39,20.81
2020-11-21,33.07,21.28
2020-11-22,31.47,22.05
2020-11-23,32.86,21.73
2020-11-24,32.4,22.22
2020-11-25,33.05,21.59
2020-11-26,32.74,21.32
2020-11-27,32.17,21.3
2020-11-28,27.31,21.64
2020-11-29,30.79,20.76
2020-11-30,32.0,21.67
2020-12-01,30.47,21.81
2020-12-02,30.52,21.7
2020-12-03,32.66,20.05
2020-12-04,32.99,18.9
2020-12-05,33.35,20.65
2020-12-06,33.11,21.48
2020-12-07,31.51,22.09
2020-12-08,32.2,21.68
2020-12-09,33.75,21.22
2020-12-10,32.66,20.96
2020-12-11,32.56,19.48
2020-12-12,32.66,19.85
2020-12-13,32.6,20.08
2020-12-14,32.76,21.19
2020-12-15,32.86,20.9
2020-12-16,33.0,21.1
2020-12-17,32.99,20.53
2020-12-18,32.37,20.67
2020-12-19,32.19,19.96
2020-12-20,32.61,19.38
2020-12-21,32.12,20.06
2020-12-22,31.24,20.86
2020-12-23,30.14,20.18
2020-12-24,30.36,19.38
2020-12-25,32.12,19.55
2020-12-26,31.51,19.07
2020-12-27,31.31,18.18
2020-12-28,31.63,19.13
2020-12-29,32.88,18.87
2020-12-30,29.24,19.08
2020-12-31,28.64,18.2
2021-01-01,28.25,18.72
2021-01-02,30.33,18.84
2021-01-03,28.96,15.95
2021-01-04,29.71,15.26
2021-01-05,30.25,17.1
2021-01-06,31.6,18.02
2021-01-07,29.73,19.56
2021-01-08,29.0,20.39
2021-01-09,28.59,19.93
2021-01-10,28.68,19.62
2021-01-11,30.78,19.86
2021-01-12,30.92,18.45
2021-01-13,31.37,18.73
2021-01-14,31.03,18.45
2021-01-15,29.99,18.99
2021-01-16,31.31,17.35
2021-01-17,30.48,17.96
2021-01-18,30.46,17.41
2021-01-19,29.15,18.32
2021-01-20,28.54,18.51
2021-01-21,30.54,18.29
2021-01-22,31.8,18.69
2021-01-23,32.12,18.66
2021-01-24,30.95,19.87
2021-01-25,30.32,18.76
2021-01-26,31.2,18.75
2021-01-27,30.46,18.71
2021-01-28,31.32,18.7
2021-01-29,31.81,17.59
2021-01-30,31.46,17.56
2021-01-31,30.47,18.45
2021-02-01,32.16,19.47
2021-02-02,32.64,18.29
2021-02-03,33.02,18.41
2021-02-04,33.07,20.73
2021-02-05,33.14,20.73
2021-02-06,31.74,19.22
2021-02-07,32.47,18.92
2021-02-08,33.11,19.13
2021-02-09,31.64,19.41
2021-02-10,31.42,17.7
2021-02-11,31.68,17.04
2021-02-12,30.3,17.84
2021-02-13,31.21,19.11
2021-02-14,29.77,19.99
2021-02-15,32.3,18.78
2021-02-16,31.58,18.99
2021-02-17,30.92,18.41
2021-02-18,31.56,17.98
2021-02-19,29.49,17.63
2021-02-20,30.19,17.91
2021-02-21,30.5,17.54
2021-02-22,31.23,18.36
2021-02-23,31.13,18.82
2021-02-24,27.78,19.24
2021-02-25,31.36,19.39
2021-02-26,30.48,19.31
2021-02-27,29.91,18.45
2021-02-28,29.4,17.68
2021-03-01,30.42,16.47
2021-03-02,31.18,14.46
2021-03-03,31.5,16.19
2021-03-04,32.32,17.79
2021-03-05,33.07,19.38
2021-03-06,30.07,20.55
2021-03-07,31.02,20.72
2021-03-08,31.61,20.04
2021-03-09,30.62,18.84
2021-03-10,31.86,18.26
2021-03-11,32.01,18.64
2021-03-12,32.15,18.88
2021-03-13,30.66,18.82
2021-03-14,31.39,20.21
2021-03-15,30.71,19.84
2021-03-16,31.27,19.42
2021-03-17,31.73,19.65
2021-03-18,32.25,19.45
2021-03-19,32.45,18.82
2021-03-20,32.73,19.33
2021-03-21,33.71,18.74
2021-03-22,33.57,19.23
2021-03-23,30.38,20.95
2021-03-24,26.83,20.69
2021-03-25,31.27,19.85
2021-03-26,31.29,18.66
2021-03-27,30.63,19.0
2021-03-28,30.84,19.76
2021-03-29,31.06,20.58
2021-03-30,32.61,20.93
2021-03-31,32.98,20.39
2021-04-01,33.31,19.78
2021-04-02,32.02,20.97
2021-04-03,35.24,20.83
2021-04-04,33.36,20.74
2021-04-05,32.94,21.92
2021-04-06,32.11,21.88
2021-04-07,34.32,20.97
2021-04-08,34.46,22.09
2021-04-09,29.15,22.31
2021-04-10,32.34,21.14
2021-04-11,32.15,21.76
2021-04-12,31.55,22.41
2021-04-13,34.19,22.31
2021-04-14,27.19,21.73
2021-04-15,33.19,21.3
2021-04-16,35.22,22.32
2021-04-17,34.12,22.67
2021-04-18,33.37,21.74
2021-04-19,34.53,20.46
2021-04-20,33.45,20.77
2021-04-21,34.63,19.59
2021-04-22,35.27,19.63
2021-04-23,35.51,20.85
2021-04-24,35.55,21.47
2021-04-25,35.31,21.04
2021-04-26,34.21,21.14
2021-04-27,33.9,21.51
2021-04-28,31.47,21.69
2021-04-29,24.76,20.24
2021-04-30,30.97,19.43
2021-05-01,34.22,20.51
2021-05-02,27.5,21.98
2021-05-03,32.74,21.47
2021-05-04,31.21,20.88
2021-05-05,29.49,21.4
2021-05-06,27.66,21.53
2021-05-07,27.42,21.43
2021-05-08,28.76,21.15
2021-05-09,31.36,21.61
2021-05-10,34.47,21.94
2021-05-11,34.6,21.71
2021-05-12,34.5,22.17
2021-05-13,34.79,20.91
2021-05-14,34.14,21.47
2021-05-15,34.94,21.69
2021-05-16,33.54,22.39
2021-05-17,34.25,23.29
2021-05-18,27.98,22.56
2021-05-19,31.44,21.13
2021-05-20,34.64,22.86
2021-05-21,34.9,23.38
2021-05-22,33.6,23.16
2021-05-23,34.59,23.26
2021-05-24,33.01,23.55
2021-05-25,35.37,22.71
2021-05-26,34.36,22.04
2021-05-27,31.38,22.57
2021-05-28,33.85,22.31
2021-05-29,33.69,21.94
2021-05-30,34.39,20.61
2021-05-31,33.87,22.37
2021-06-01,29.87,22.7
2021-06-02,29.29,22.36
2021-06-03,32.43,21.69
2021-06-04,33.95,22.18
2021-06-05,29.86,23.37
2021-06-06,31.78,22.53
2021-06-07,33.56,22.01
2021-06-08,31.04,21.03
2021-06-09,31.4,22.02
2021-06-10,32.92,20.88
2021-06-11,32.61,22.08
2021-06-12,34.01,22.26
2021-06-13,33.51,23.05
2021-06-14,34.06,22.27
2021-06-15,34.04,22.36
2021-06-16,30.61,21.75
2021-06-17,32.34,21.43
2021-06-18,31.91,22.49
2021-06-19,32.91,22.28
2021-06-20,31.38,22.93
2021-06-21,33.57,22.5
2021-06-22,33.53,21.23
2021-06-23,32.85,21.79
2021-06-24,29.23,22.03
2021-06-25,31.12,21.51
2021-06-26,29.95,22.35
2021-06-27,32.14,22.04
2021-06-28,32.85,22.59
2021-06-29,32.79,22.68
2021-06-30,27.84,21.52
2021-07-01,34.09,19.73
2021-07-02,29.18,21.17
2021-07-03,30.94,21.3
2021-07-04,32.39,20.99
2021-07-05,32.59,20.78
2021-07-06,32.88,21.63
2021-07-07,32.39,22.29
2021-07-08,33.44,22.59
2021-07-09,31.96,22.05
2021-07-10,32.9,21.92
2021-07-11,32.57,22.49
2021-07-12,30.99,22.76
2021-07-13,34.18,22.26
2021-07-14,33.23,21.78
2021-07-15,33.98,22.07
2021-07-16,32.74,22.44
2021-07-17,34.65,21.89
2021-07-18,33.67,20.23
2021-07-19,31.7,23.17
2021-07-20,33.18,22.2
2021-07-21,33.25,22.9
2021-07-22,33.47,22.82
2021-07-23,30.54,23.14
2021-07-24,30.37,23.05
2021-07-25,29.96,22.17
2021-07-26,33.07,21.53
2021-07-27,34.26,22.07
2021-07-28,30.07,22.27
2021-07-29,30.75,21.89
2021-07-30,33.77,21.71
2021-07-31,33.76,22.26
2021-08-01,31.79,22.4
2021-08-02,30.39,22.22
2021-08-03,31.78,21.46
2021-08-04,31.89,20.37
2021-08-05,32.74,21.69
2021-08-06,32.13,22.22
2021-08-07,32.83,22.08
2021-08-08,34.76,21.81
2021-08-09,33.39,20.92
2021-08-10,30.4,22.94
2021-08-11,33.19,22.12
2021-08-12,30.78,21.71
2021-08-13,34.31,22.23
2021-08-14,28.14,22.19
2021-08-15,33.97,20.53
2021-08-16,33.45,21.85
2021-08-17,34.53,22.49
2021-08-18,27.97,22.91
2021-08-19,32.23,22.26
2021-08-20,32.3,21.61
2021-08-21,33.47,22.33
2021-08-22,33.83,22.36
2021-08-23,34.2,22.59
2021-08-24,29.81,22.5
2021-08-25,32.8,21.88
2021-08-26,31.51,23.27
2021-08-27,36.36,20.75
2021-08-28,31.48,22.32
2021-08-29,31.87,22.51
2021-08-30,31.18,22.11
2021-08-31,34.34,21.28
2021-09-01,34.11,23.54
2021-09-02,33.31,23.45
2021-09-03,35.37,22.41
2021-09-04,31.97,22.63
2021-09-05,33.31,22.56
2021-09-06,32.66,22.82
2021-09-07,32.62,22.71
2021-09-08,32.58,23.02
2021-09-09,32.23,23.34
2021-09-10,31.85,22.86
2021-09-11,32.49,22.92
2021-09-12,33.16,21.64
2021-09-13,34.9,22.17
2021-09-14,34.95,21.72
2021-09-15,34.47,23.05
2021-09-16,31.17,23.44
2021-09-17,32.1,22.77
2021-09-18,33.02,22.78
2021-09-19,30.33,22.46
2021-09-20,33.09,22.12
2021-09-21,31.8,22.87
2021-09-22,29.94,22.23
2021-09-23,34.31,21.7
2021-09-24,31.55,22.91
2021-09-25,33.39,22.27
2021-09-26,33.55,22.01
2021-09-27,30.72,23.91
2021-09-28,33.11,22.06
2021-09-29,32.97,21.84
2021-09-30,33.16,21.82
2021-10-01,32.55,21.68
2021-10-02,33.16,22.1
2021-10-03,34.08,22.51
2021-10-04,32.42,23.14
2021-10-05,32.12,23.16
2021-10-06,33.11,23.12
2021-10-07,36.3,22.03
2021-10-08,30.33,22.67
2021-10-09,34.08,21.04
2021-10-10,32.56,20.53
2021-10-11,31.42,22.24
2021-10-12,30.85,22.52
2021-10-13,33.73,21.55
2021-10-14,31.04,22.78
2021-10-15,34.87,22.23
2021-10-16,32.95,23.0
2021-10-17,34.08,22.03
2021-10-18,34.88,22.58
2021-10-19,32.64,23.07
2021-10-20,31.15,21.95
2021-10-21,34.14,22.19
2021-10-22,32.43,22.87
2021-10-23,33.04,22.42
2021-10-24,32.57,22.23
2021-10-25,33.25,20.83
2021-10-26,32.1,22.07
2021-10-27,28.06,21.78
2021-10-28,31.46,21.28
2021-10-29,31.51,22.31
2021-10-30,28.14,22.03
2021-10-31,30.09,20.86
2021-11-01,31.36,21.37
2021-11-02,31.5,20.55
2021-11-03,33.36,20.38
2021-11-04,33.64,21.96
2021-11-05,34.35,20.94
2021-11-06,34.19,21.41
2021-11-07,33.99,22.47
2021-11-08,34.72,22.38
2021-11-09,33.97,21.76
2021-11-10,33.81,20.46
2021-11-11,32.9,19.7
2021-11-12,33.7,20.71
2021-11-13,34.41,20.93
2021-11-14,34.31,21.46
2021-11-15,34.09,20.67
2021-11-16,33.69,20.98
2021-11-17,32.79,19.13
2021-11-18,33.2,20.47
2021-11-19,33.9,20.5
2021-11-20,34.0,21.35
2021-11-21,33.15,21.58
2021-11-22,32.8,21.8
2021-11-23,31.86,22.02
2021-11-24,30.06,22.35
2021-11-25,29.68,21.73
2021-11-26,30.94,21.37
2021-11-27,32.37,21.36
2021-11-28,33.2,21.52
2021-11-29,32.3,21.91
2021-11-30,32.88,20.94
2021-12-01,34.33,19.54
2021-12-02,30.37,21.12
2021-12-03,32.05,20.22
2021-12-04,33.03,20.28
2021-12-05,33.48,21.01
2021-12-06,32.51,20.78
2021-12-07,32.21,20.74
2021-12-08,32.84,19.74
2021-12-09,32.4,19.97
2021-12-10,32.39,19.83
2021-12-11,32.8,19.14
2021-12-12,32.91,18.9
2021-12-13,31.96,19.61
2021-12-14,30.23,20.36
2021-12-15,31.8,20.53
2021-12-16,32.18,20.49
2021-12-17,32.05,20.45
2021-12-18,32.32,19.8
2021-12-19,30.79,20.9
2021-12-20,31.73,19.73
2021-12-21,32.16,20.69
2021-12-22,32.25,21.7
2021-12-23,32.29,21.83
2021-12-24,33.69,21.27
2021-12-25,33.52,20.04
2021-12-26,33.7,20.35
2021-12-27,32.51,20.12
2021-12-28,33.11,18.74
2021-12-29,32.11,20.52
2021-12-30,32.25,18.97
2021-12-31,32.26,19.51
2022-01-01,32.55,18.92
2022-01-02,32.89,18.57
2022-01-03,31.91,17.71
2022-01-04,31.81,18.94
2022-01-05,31.51,18.36
2022-01-06,32.65,18.34
2022-01-07,33.02,17.38
2022-01-08,31.35,19.1
2022-01-09,30.26,18.51
2022-01-10,30.47,18.44
2022-01-11,31.8,19.11
2022-01-12,32.25,18.06
2022-01-13,32.72,18.8
2022-01-14,32.55,18.64
2022-01-15,33.71,18.9
2022-01-16,33.32,19.59
2022-01-17,32.14,20.7
2022-01-18,32.94,19.22
2022-01-19,32.59,18.85
2022-01-20,33.22,20.12
2022-01-21,33.49,18.97
2022-01-22,32.74,20.14
2022-01-23,33.22,17.91
2022-01-24,32.6,18.38
2022-01-25,34.15,19.26
2022-01-26,33.8,19.24
2022-01-27,33.15,17.69
2022-01-28,33.55,19.08
2022-01-29,34.27,19.15
2022-01-30,32.04,17.54
2022-01-31,33.22,17.19
2022-02-01,32.67,19.62
2022-02-02,33.28,19.98
2022-02-03,34.15,19.84
2022-02-04,29.45,20.17
2022-02-05,31.87,18.22
2022-02-06,30.86,19.43
2022-02-07,33.24,20.2
2022-02-08,32.26,21.09
2022-02-09,32.51,20.83
2022-02-10,33.47,19.49
2022-02-11,32.57,19.1
2022-02-12,32.98,19.04
2022-02-13,33.73,18.25
2022-02-14,33.29,18.82
2022-02-15,32.78,17.95
2022-02-16,31.66,18.33
2022-02-17,31.88,19.42
2022-02-18,31.65,18.47
2022-02-19,33.38,19.18
2022-02-20,32.38,17.91
2022-02-21,31.7,18.11
2022-02-22,32.33,18.7
2022-02-23,32.41,18.71
2022-02-24,32.05,18.72
2022-02-25,33.32,18.4
2022-02-26,30.68,18.97
2022-02-27,31.16,20.69
2022-02-28,32.25,21.08
2022-03-01,32.43,20.95
2022-03-02,33.95,21.18
2022-03-03,34.18,21.15
2022-03-04,34.34,20.3
2022-03-05,34.23,20.49
2022-03-06,33.61,19.74
2022-03-07,32.72,18.81
2022-03-08,33.07,18.93
2022-03-09,31.35,19.88
2022-03-10,31.69,20.36
2022-03-11,32.58,21.01
2022-03-12,30.67,20.44
2022-03-13,32.1,19.82
2022-03-14,32.28,18.14
2022-03-15,31.32,18.33
2022-03-16,29.97,19.28
2022-03-17,33.07,19.82
2022-03-18,32.64,18.79
2022-03-19,33.14,19.84
2022-03-20,33.85,20.02
2022-03-21,33.56,19.99
2022-03-22,33.98,19.23
2022-03-23,34.28,19.0
2022-03-24,34.53,19.08
2022-03-25,33.79,19.73
2022-03-26,34.36,20.75
2022-03-27,34.82,21.23
2022-03-28,33.24,20.66
2022-03-29,33.82,20.28
2022-03-30,32.89,20.65
2022-03-31,34.63,19.24
2022-04-01,34.31,20.42
2022-04-02,35.06,20.86
2022-04-03,34.77,20.84
2022-04-04,34.31,21.26
2022-04-05,34.63,21.05
2022-04-06,33.71,21.35
2022-04-07,33.93,21.81
2022-04-08,35.37,21.18
2022-04-09,34.25,21.03
2022-04-10,35.57,20.28
2022-04-11,35.41,21.54
2022-04-12,34.24,21.09
2022-04-13,34.8,20.37
2022-04-14,33.93,20.65
2022-04-15,33.19,21.74
2022-04-16,32.37,22.39
2022-04-17,30.05,21.91
2022-04-18,29.08,21.8
2022-04-19,31.67,22.11
2022-04-20,32.2,22.1
2022-04-21,33.74,21.11
2022-04-22,31.0,21.53
2022-04-23,32.86,20.09
2022-04-24,32.92,20.46
2022-04-25,32.62,21.47
2022-04-26,29.01,21.73
2022-04-27,31.59,21.19
2022-04-28,31.48,21.7
2022-04-29,31.16,21.91
2022-04-30,30.86,21.84
2022-05-01,33.09,21.83
2022-05-02,34.28,21.94
2022-05-03,35.5,22.37
2022-05-04,35.48,22.22
2022-05-05,33.66,22.94
2022-05-06,32.68,22.68
2022-05-07,32.3,22.23
2022-05-08,32.55,21.69
2022-05-09,31.84,21.53
2022-05-10,30.96,22.56
2022-05-11,29.91,22.6
2022-05-12,32.78,22.65
2022-05-13,33.17,22.64
2022-05-14,32.25,22.86
2022-05-15,34.67,22.87
2022-05-16,33.95,22.86
2022-05-17,34.54,22.32
2022-05-18,29.59,23.6
2022-05-19,31.48,22.59
2022-05-20,34.43,22.2
2022-05-21,35.51,21.91
2022-05-22,34.36,21.34
2022-05-23,32.48,22.18
2022-05-24,33.31,21.86
2022-05-25,31.52,22.66
2022-05-26,29.06,22.49
2022-05-27,29.92,21.55
2022-05-28,33.74,20.67
2022-05-29,34.29,21.86
2022-05-30,35.41,21.94
2022-05-31,35.52,22.22
2022-06-01,34.49,21.0
2022-06-02,33.77,21.63
2022-06-03,32.29,22.45
2022-06-04,30.5,22.66
2022-06-05,28.24,21.99
2022-06-06,33.44,20.58
2022-06-07,34.16,22.68
2022-06-08,31.38,22.62
2022-06-09,32.13,22.01
2022-06-10,33.51,21.5
2022-06-11,32.16,22.56
2022-06-12,27.95,21.45
2022-06-13,29.91,20.26
2022-06-14,31.48,20.93
2022-06-15,32.75,21.05
2022-06-16,32.36,22.27
2022-06-17,32.44,22.31
2022-06-18,32.92,22.5
2022-06-19,32.03,22.0
2022-06-20,32.84,21.67
2022-06-21,32.44,21.01
2022-06-22,33.21,20.88
2022-06-23,32.95,22.3
2022-06-24,31.68,22.79
2022-06-25,26.96,22.23
2022-06-26,29.21,20.99
2022-06-27,32.13,20.34
2022-06-28,28.16,21.05
2022-06-29,27.65,20.35
2022-06-30,28.66,20.64
2022-07-01,30.74,19.96
2022-07-02,29.75,20.88
2022-07-03,31.01,21.19
2022-07-04,32.16,21.33
2022-07-05,30.94,21.52
2022-07-06,29.43,21.35
2022-07-07,31.03,21.57
2022-07-08,30.11,21.42
2022-07-09,31.88,20.98
2022-07-10,31.03,21.5
2022-07-11,29.39,21.91
2022-07-12,31.45,21.26
2022-07-13,33.8,20.17
2022-07-14,34.2,20.84
2022-07-15,33.94,20.09
2022-07-16,32.94,21.72
2022-07-17,32.89,21.77
2022-07-18,32.68,21.94
2022-07-19,32.15,22.0
2022-07-20,30.92,21.54
2022-07-21,31.08,21.08
2022-07-22,32.2,22.12
2022-07-23,34.14,21.41
2022-07-24,33.92,20.59
2022-07-25,32.55,22.65
2022-07-26,28.08,22.17
2022-07-27,31.95,20.68
2022-07-28,30.0,21.9
2022-07-29,28.1,20.97
2022-07-30,32.41,20.8
2022-07-31,30.31,21.69
2022-08-01,32.19,21.47
2022-08-02,31.97,20.89
2022-08-03,30.25,21.65
2022-08-04,31.91,20.84
2022-08-05,31.87,21.69
2022-08-06,29.63,22.38
2022-08-07,31.53,21.41
2022-08-08,33.58,21.63
2022-08-09,32.97,21.7
2022-08-10,28.54,21.56
2022-08-11,32.59,19.78
2022-08-12,28.62,21.45
2022-08-13,30.97,21.87
2022-08-14,28.71,21.24
2022-08-15,30.96,20.77
2022-08-16,32.74,21.03
2022-08-17,34.43,22.3
2022-08-18,35.39,20.65
2022-08-19,34.03,21.9
2022-08-20,27.39,22.19
2022-08-21,31.36,20.7
2022-08-22,30.11,21.23
2022-08-23,32.94,20.96
2022-08-24,31.44,20.88
2022-08-25,33.59,20.46
2022-08-26,31.57,22.06
2022-08-27,31.09,21.47
2022-08-28,31.97,20.85
2022-08-29,29.6,21.52
2022-08-30,31.84,21.27
2022-08-31,33.24,20.0
2022-09-01,33.95,21.71
2022-09-02,34.94,21.92
2022-09-03,33.0,22.52
2022-09-04,32.16,21.93
2022-09-05,34.05,21.31
2022-09-06,31.12,22.09
2022-09-07,33.9,21.59
2022-09-08,34.31,21.67
2022-09-09,33.47,22.35
2022-09-10,32.47,23.01
2022-09-11,32.84,22.72
2022-09-12,30.87,23.0
2022-09-13,32.74,21.75
2022-09-14,32.31,21.93
2022-09-15,31.57,22.58
2022-09-16,33.02,21.89
2022-09-17,29.55,22.27
2022-09-18,34.14,21.06
2022-09-19,30.99,21.83
2022-09-20,28.94,22.0
2022-09-21,32.17,21.39
2022-09-22,30.27,20.26
2022-09-23,33.45,19.1
2022-09-24,30.16,22.32
2022-09-25,29.85,21.46
2022-09-26,31.05,21.69
2022-09-27,30.01,22.03
2022-09-28,34.37,21.83
2022-09-29,30.17,21.94
2022-09-30,27.21,21.55
2022-10-01,33.01,20.11
2022-10-02,29.88,20.38
2022-10-03,32.41,19.92
2022-10-04,32.68,21.58
2022-10-05,33.66,22.32
2022-10-06,28.58,22.41
2022-10-07,31.4,21.04
2022-10-08,31.22,22.32
2022-10-09,28.24,21.93
2022-10-10,32.94,20.82
2022-10-11,31.34,22.13
2022-10-12,27.64,22.28
2022-10-13,28.5,21.42
2022-10-14,33.32,20.9
2022-10-15,33.88,21.22
2022-10-16,32.09,22.67
2022-10-17,32.64,22.33
2022-10-18,29.93,22.72
2022-10-19,32.18,22.2
2022-10-20,32.47,22.24
2022-10-21,33.44,22.25
2022-10-22,31.45,21.88
2022-10-23,34.21,22.02
2022-10-24,34.67,22.58
2022-10-25,35.84,22.24
2022-10-26,29.16,22.7
2022-10-27,30.49,21.96
2022-10-28,33.31,21.29
2022-10-29,31.14,21.41
2022-10-30,31.02,21.06
2022-10-31,29.91,21.25
2022-11-01,32.21,21.56
2022-11-02,30.21,21.9
2022-11-03,32.77,20.24
2022-11-04,32.57,21.41
2022-11-05,26.95,21.04
2022-11-06,32.44,20.61
2022-11-07,29.6,21.64
2022-11-08,26.96,21.46
2022-11-09,29.36,20.78
2022-11-10,32.01,19.89
2022-11-11,30.87,19.6
2022-11-12,29.01,21.18
2022-11-13,29.5,21.25
2022-11-14,31.02,21.37
2022-11-15,30.95,21.2
2022-11-16,30.65,21.88
2022-11-17,26.1,21.38
2022-11-18,29.16,20.72
2022-11-19,32.12,21.65
2022-11-20,32.76,21.15
2022-11-21,32.5,20.48
2022-11-22,32.04,20.0
2022-11-23,31.88,20.52
2022-11-24,30.53,21.18
2022-11-25,31.66,21.11
2022-11-26,31.88,21.4
2022-11-27,30.26,21.67
2022-11-28,31.22,20.87
2022-11-29,29.67,20.84
2022-11-30,30.96,19.54
2022-12-01,30.63,18.73
2022-12-02,30.0,19.33
2022-12-03,31.27,19.49
2022-12-04,31.22,19.77
2022-12-05,30.85,18.76
2022-12-06,30.72,17.42
2022-12-07,31.05,16.98
2022-12-08,30.47,18.53
2022-12-09,31.71,18.43
2022-12-10,31.86,19.27
2022-12-11,30.64,18.86
2022-12-12,32.12,19.44
2022-12-13,31.72,19.4
2022-12-14,31.76,21.05
2022-12-15,31.83,20.51
2022-12-16,32.13,20.45
2022-12-17,32.0,19.79
2022-12-18,32.07,18.78
2022-12-19,30.22,20.25
2022-12-20,32.36,18.26
2022-12-21,32.58,19.91
2022-12-22,32.3,19.34
2022-12-23,32.05,19.46
2022-12-24,31.61,18.51
2022-12-25,30.97,18.23
2022-12-26,32.02,18.49
2022-12-27,32.9,19.73
2022-12-28,32.19,20.1
2022-12-29,32.3,19.39
2022-12-30,32.82,19.27
2022-12-31,33.19,19.9
2023-01-01,32.88,20.18
2023-01-02,32.72,19.05
2023-01-03,31.38,19.26
2023-01-04,31.3,19.06
2023-01-05,31.75,19.06
2023-01-06,31.6,20.15
2023-01-07,30.97,20.32
2023-01-08,29.93,21.22
2023-01-09,31.4,21.05
2023-01-10,32.35,20.57
2023-01-11,32.38,19.95
2023-01-12,31.96,19.78
2023-01-13,32.3,20.25
2023-01-14,33.49,20.42
2023-01-15,33.43,19.11
2023-01-16,32.52,18.78
2023-01-17,32.3,19.19
2023-01-18,32.5,19.47
2023-01-19,32.22,19.08
2023-01-20,30.54,18.83
2023-01-21,29.41,19.52
2023-01-22,29.19,18.44
2023-01-23,31.41,18.5
2023-01-24,30.26,20.08
2023-01-25,30.93,18.31
2023-01-26,31.12,18.28
2023-01-27,30.08,18.0
2023-01-28,30.82,16.18
2023-01-29,30.41,16.94
2023-01-30,30.67,17.42
2023-01-31,29.18,16.35
2023-02-01,29.68,16.47
2023-02-02,30.5,16.88
2023-02-03,31.34,16.85
2023-02-04,31.38,19.11
2023-02-05,31.21,20.13
2023-02-06,31.37,20.37
2023-02-07,30.11,20.1
2023-02-08,31.04,19.68
2023-02-09,30.9,19.77
2023-02-10,31.54,19.35
2023-02-11,31.82,19.23
2023-02-12,31.86,19.5
2023-02-13,32.88,19.77
2023-02-14,32.52,20.05
2023-02-15,32.94,20.1
2023-02-16,31.95,18.8
2023-02-17,32.08,17.58
2023-02-18,31.51,17.19
2023-02-19,32.46,15.87
2023-02-20,32.14,17.97
2023-02-21,33.19,16.97
2023-02-22,33.16,17.31
2023-02-23,32.47,17.56
2023-02-24,30.96,18.65
2023-02-25,33.17,18.25
2023-02-26,33.17,18.44
2023-02-27,34.15,18.15
2023-02-28,33.3,19.16
2023-03-01,34.34,20.51
2023-03-02,34.24,19.62
2023-03-03,33.73,19.56
2023-03-04,34.27,20.38
2023-03-05,34.05,20.08
2023-03-06,33.61,19.77
2023-03-07,33.87,19.89
2023-03-08,33.55,20.13
2023-03-09,31.88,21.29
2023-03-10,31.37,20.86
2023-03-11,31.82,19.67
2023-03-12,32.27,20.83
2023-03-13,33.75,20.48
2023-03-14,33.09,19.91
2023-03-15,34.0,18.26
2023-03-16,36.32,18.47
2023-03-17,34.16,19.91
2023-03-18,33.43,18.98
2023-03-19,34.1,18.21
2023-03-20,33.78,17.48
2023-03-21,33.11,19.06
2023-03-22,32.9,18.52
2023-03-23,32.96,19.31
2023-03-24,34.35,18.85
2023-03-25,33.55,18.88
2023-03-26,33.33,19.69
2023-03-27,33.1,19.12
2023-03-28,33.31,19.29
2023-03-29,33.52,19.57
2023-03-30,34.12,18.52
2023-03-31,33.21,19.86
2023-04-01,32.58,19.94
2023-04-02,33.16,20.44
2023-04-03,34.89,20.27
2023-04-04,34.41,20.47
2023-04-05,33.98,20.2
2023-04-06,31.65,20.73
2023-04-07,30.27,20.11
2023-04-08,29.54,20.45
2023-04-09,32.34,20.23
2023-04-10,35.84,21.45
2023-04-11,35.23,22.27
2023-04-12,33.86,22.2
2023-04-13,36.3,20.16
2023-04-14,35.19,19.82
2023-04-15,36.39,19.9
2023-04-16,33.36,21.19
2023-04-17,32.55,20.74
2023-04-18,33.65,20.34
2023-04-19,34.2,19.59
2023-04-20,34.75,20.43
2023-04-21,29.33,22.33
2023-04-22,28.6,21.46
2023-04-23,30.58,21.84
2023-04-24,32.3,21.05
2023-04-25,35.15,20.91
2023-04-26,33.95,21.78
2023-04-27,34.55,22.59
2023-04-28,34.07,23.27
2023-04-29,32.54,23.37
2023-04-30,33.67,23.33
2023-05-01,36.11,23.21
2023-05-02,37.06,22.01
2023-05-03,35.88,21.31
2023-05-04,35.47,21.18
2023-05-05,36.08,21.66
2023-05-06,34.87,20.91
2023-05-07,35.12,22.52
2023-05-08,33.68,23.26
2023-05-09,34.32,24.56
2023-05-10,31.16,23.55
2023-05-11,34.31,21.61
2023-05-12,34.15,23.31
2023-05-13,30.29,23.54
2023-05-14,27.19,23.15
2023-05-15,32.34,22.37
2023-05-16,33.06,22.86
2023-05-17,31.43,23.4
2023-05-18,31.71,22.06
2023-05-19,32.86,23.03
2023-05-20,31.91,23.37
2023-05-21,28.43,22.09
2023-05-22,27.83,22.06
2023-05-23,33.2,21.45
2023-05-24,34.33,22.69
2023-05-25,32.29,23.64
2023-05-26,32.91,22.25
2023-05-27,33.48,22.6
2023-05-28,32.58,23.03
2023-05-29,32.86,21.68
2023-05-30,29.05,22.73
2023-05-31,34.61,21.06
2023-06-01,32.08,22.96
2023-06-02,31.39,22.67
2023-06-03,34.99,22.35
2023-06-04,34.81,22.53
2023-06-05,33.03,22.93
2023-06-06,33.11,21.69
2023-06-07,33.53,21.84
2023-06-08,32.79,23.23
2023-06-09,33.88,22.28
2023-06-10,33.68,22.63
2023-06-11,34.55,23.04
2023-06-12,32.86,23.58
2023-06-13,33.4,23.04
2023-06-14,33.98,23.65
2023-06-15,32.64,22.81
2023-06-16,33.22,22.18
2023-06-17,32.07,22.03
2023-06-18,30.15,21.85
2023-06-19,32.11,21.16
2023-06-20,33.63,21.87
2023-06-21,34.42,22.52
2023-06-22,31.5,23.24
2023-06-23,34.01,23.28
2023-06-24,32.06,23.01
2023-06-25,34.4,21.63
2023-06-26,34.5,23.24
2023-06-27,32.24,23.28
2023-06-28,32.15,23.12
2023-06-29,33.04,22.53
2023-06-30,32.13,22.66
2023-07-01,31.38,21.92
2023-07-02,32.5,22.16
2023-07-03,34.64,23.28
2023-07-04,33.77,21.65
2023-07-05,33.02,23.01
2023-07-06,34.58,22.29
2023-07-07,35.31,22.21
2023-07-08,31.66,23.22
2023-07-09,33.61,22.28
2023-07-10,33.55,23.12
2023-07-11,27.64,22.28
2023-07-12,30.53,21.9
2023-07-13,32.35,22.29
2023-07-14,30.43,22.91
2023-07-15,31.14,22.24
2023-07-16,32.38,22.29
2023-07-17,29.71,22.47
2023-07-18,30.96,21.53
2023-07-19,30.88,21.77
2023-07-20,30.22,22.33
2023-07-21,30.4,21.42
2023-07-22,30.84,21.3
2023-07-23,30.5,21.85
2023-07-24,32.85,22.18
2023-07-25,32.23,22.31
2023-07-26,30.75,23.15
2023-07-27,31.73,22.28
2023-07-28,32.26,22.9
2023-07-29,28.52,22.84
2023-07-30,32.19,21.35
2023-07-31,32.49,21.95
2023-08-01,31.88,21.97
2023-08-02,33.02,21.32
2023-08-03,34.54,22.09
2023-08-04,33.8,21.84
2023-08-05,34.86,22.0
2023-08-06,34.33,22.9
2023-08-07,33.47,23.31
2023-08-08,32.51,23.03
2023-08-09,31.96,22.66
2023-08-10,30.05,23.13
2023-08-11,34.24,21.66
2023-08-12,33.31,22.45
2023-08-13,32.16,22.17
2023-08-14,33.18,22.92
2023-08-15,33.14,22.95
2023-08-16,31.07,22.8
2023-08-17,35.58,21.3
2023-08-18,34.63,22.9
2023-08-19,35.08,22.84
2023-08-20,33.76,23.34
2023-08-21,31.32,23.18
2023-08-22,35.33,22.21
2023-08-23,34.48,23.08
2023-08-24,33.82,22.76
2023-08-25,33.96,23.64
2023-08-26,31.43,24.2
2023-08-27,34.33,21.81
2023-08-28,33.63,21.35
2023-08-29,33.44,22.39
2023-08-30,31.97,23.72
2023-08-31,33.42,21.71
2023-09-01,32.26,22.73
2023-09-02,32.78,23.29
2023-09-03,32.17,22.48
2023-09-04,34.9,22.92
2023-09-05,34.9,22.8
2023-09-06,33.86,22.79
2023-09-07,32.7,22.84
2023-09-08,31.88,22.88
2023-09-09,34.0,22.03
2023-09-10,35.98,22.72
2023-09-11,34.55,23.79
2023-09-12,35.67,23.1
2023-09-13,35.42,22.74
2023-09-14,34.05,22.87
2023-09-15,32.78,23.57
2023-09-16,32.87,23.11
2023-09-17,34.08,23.01
2023-09-18,34.49,22.62
2023-09-19,32.43,22.81
2023-09-20,35.96,22.48
2023-09-21,34.94,23.48
2023-09-22,31.04,23.98
2023-09-23,34.31,22.33
2023-09-24,33.11,23.18
2023-09-25,32.58,22.97
2023-09-26,34.74,23.27
2023-09-27,36.78,23.11
2023-09-28,33.22,24.13
2023-09-29,36.69,23.16
2023-09-30,35.0,24.21
2023-10-01,36.64,23.24
2023-10-02,37.13,24.38
2023-10-03,36.28,23.92
2023-10-04,34.33,24.52
2023-10-05,33.36,23.4
2023-10-06,37.44,22.7
2023-10-07,28.85,23.78
2023-10-08,35.01,22.67
2023-10-09,35.78,23.61
2023-10-10,34.0,24.61
2023-10-11,35.96,23.61
2023-10-12,35.76,23.77
2023-10-13,34.8,23.33
2023-10-14,36.19,23.38
2023-10-15,31.24,23.26
2023-10-16,36.11,22.73
2023-10-17,34.14,23.31
2023-10-18,35.04,22.77
2023-10-19,34.53,23.04
2023-10-20,33.79,23.36
2023-10-21,32.15,22.55
2023-10-22,28.9,22.07
2023-10-23,31.08,22.05
2023-10-24,33.49,21.83
2023-10-25,30.69,22.6
2023-10-26,29.0,21.49
2023-10-27,30.39,20.51
2023-10-28,31.07,21.2
2023-10-29,28.96,21.37
2023-10-30,30.33,21.55
2023-10-31,28.42,21.43
2023-11-01,26.82,21.32
2023-11-02,26.14,20.15
2023-11-03,25.87,19.76
2023-11-04,26.3,19.39
2023-11-05,28.97,19.56
2023-11-06,26.46,21.34
2023-11-07,27.8,21.17
2023-11-08,29.1,20.53
2023-11-09,28.86,21.12
2023-11-10,28.34,22.0
2023-11-11,27.34,21.99
2023-11-12,28.43,21.31
2023-11-13,28.5,21.86
2023-11-14,28.42,21.85
2023-11-15,29.24,21.2
2023-11-16,29.93,20.87
2023-11-17,29.79,21.78
2023-11-18,30.97,21.36
2023-11-19,29.64,22.05
2023-11-20,28.83,21.52
2023-11-21,31.09,20.99
2023-11-22,31.48,20.62
2023-11-23,32.21,20.38
2023-11-24,30.27,21.83
2023-11-25,30.99,20.79
2023-11-26,31.28,20.77
2023-11-27,30.65,21.13
2023-11-28,31.37,20.83
2023-11-29,30.55,21.21
2023-11-30,30.95,20.33
2023-12-01,30.9,19.56
2023-12-02,30.83,19.42
2023-12-03,31.54,19.94
2023-12-04,31.17,20.15
2023-12-05,31.52,20.66
2023-12-06,30.77,20.42
2023-12-07,29.88,20.62
2023-12-08,29.94,20.39
2023-12-09,30.14,20.52
2023-12-10,28.91,21.27
2023-12-11,29.96,20.4
2023-12-12,31.51,20.23
2023-12-13,31.02,20.11
2023-12-14,30.55,20.31
2023-12-15,30.79,20.56
2023-12-16,31.01,21.63
2023-12-17,31.57,21.4
2023-12-18,31.86,20.64
2023-12-19,33.42,21.2
2023-12-20,32.32,20.4
2023-12-21,31.4,19.35
2023-12-22,31.4,20.73
2023-12-23,31.06,21.44
2023-12-24,30.49,21.49
2023-12-25,31.25,21.14
2023-12-26,31.26,21.57
2023-12-27,30.39,21.37
2023-12-28,29.93,20.54
2023-12-29,30.92,20.43
2023-12-30,30.43,20.53
2023-12-31,31.56,19.59
2024-01-01,30.4,19.83
2024-01-02,32.12,19.51
2024-01-03,32.12,19.38
2024-01-04,31.09,20.6
2024-01-05,31.37,20.36
2024-01-06,31.74,19.88
2024-01-07,31.87,20.18
2024-01-08,29.38,19.45
2024-01-09,31.76,18.53
2024-01-10,33.34,20.39
2024-01-11,32.92,20.54
2024-01-12,32.49,19.91
2024-01-13,32.9,19.29
2024-01-14,33.08,19.06
2024-01-15,32.08,20.41
2024-01-16,32.52,20.2
2024-01-17,32.72,21.18
2024-01-18,32.84,19.81
2024-01-19,33.38,19.05
2024-01-20,33.76,19.8
2024-01-21,33.65,19.59
2024-01-22,32.16,20.03
2024-01-23,32.14,19.3
2024-01-24,32.75,19.02
2024-01-25,32.8,18.63
2024-01-26,31.63,19.51
2024-01-27,33.1,19.4
2024-01-28,32.55,18.35
2024-01-29,33.65,17.71
2024-01-30,35.05,19.42
2024-01-31,33.84,21.27
2024-02-01,31.93,21.36
2024-02-02,31.72,21.29
2024-02-03,31.62,22.25
2024-02-04,31.29,22.64
2024-02-05,33.18,21.85
2024-02-06,33.06,22.49
2024-02-07,34.0,22.02
2024-02-08,32.77,20.98
2024-02-09,33.07,20.27
2024-02-10,33.28,20.6
2024-02-11,34.33,20.27
2024-02-12,34.16,19.44
2024-02-13,34.24,20.87
2024-02-14,33.96,21.26
2024-02-15,33.56,21.93
2024-02-16,35.22,20.81
2024-02-17,34.83,21.29
2024-02-18,35.82,20.83
2024-02-19,35.63,20.6
2024-02-20,35.23,20.86
2024-02-21,34.16,20.46
2024-02-22,33.44,19.66
2024-02-23,34.1,18.83
2024-02-24,34.68,19.29
2024-02-25,34.85,19.31
2024-02-26,31.81,20.56
2024-02-27,33.2,20.42
2024-02-28,33.3,19.32
2024-02-29,33.93,19.29
2024-03-01,33.74,19.75
2024-03-02,33.6,19.7
2024-03-03,34.94,19.02
2024-03-04,34.92,19.84
2024-03-05,35.08,20.61
2024-03-06,35.06,20.55
2024-03-07,35.03,21.59
2024-03-08,36.22,22.74
2024-03-09,37.13,23.85
2024-03-10,36.29,23.0
2024-03-11,36.33,22.13
2024-03-12,35.88,21.67
2024-03-13,35.98,21.4
2024-03-14,36.1,21.32
2024-03-15,35.72,20.77
2024-03-16,36.38,20.93
2024-03-17,36.99,21.35
2024-03-18,36.77,23.13
2024-03-19,36.14,22.6
2024-03-20,37.2,22.13
2024-03-21,35.95,22.03
2024-03-22,35.66,20.56
2024-03-23,37.08,19.63
2024-03-24,36.67,21.66
2024-03-25,36.56,23.59
2024-03-26,37.35,21.21
2024-03-27,35.96,20.64
2024-03-28,34.47,20.8
2024-03-29,36.33,20.75
2024-03-30,36.26,19.22
2024-03-31,34.46,19.45
2024-04-01,34.03,20.34
2024-04-02,33.98,21.91
2024-04-03,33.71,21.74
2024-04-04,34.63,22.54
2024-04-05,36.32,22.83
2024-04-06,35.16,22.91
2024-04-07,35.1,23.57
2024-04-08,35.83,21.79
2024-04-09,35.99,20.48
2024-04-10,37.14,20.68
2024-04-11,36.6,21.16
2024-04-12,37.0,20.5
2024-04-13,35.92,21.35
2024-04-14,35.89,21.28
2024-04-15,36.33,20.84
2024-04-16,36.32,22.42
2024-04-17,32.16,23.75
2024-04-18,31.24,23.18
2024-04-19,33.94,22.72
2024-04-20,32.62,23.43
2024-04-21,32.85,21.93
2024-04-22,32.24,22.65
2024-04-23,35.26,22.08
2024-04-24,35.06,22.03
2024-04-25,34.28,22.58
2024-04-26,32.64,22.45
2024-04-27,33.77,22.25
2024-04-28,33.13,22.03
2024-04-29,31.05,21.14
2024-04-30,33.82,21.15
2024-05-01,33.59,22.42
2024-05-02,31.33,23.58
2024-05-03,28.49,22.73
2024-05-04,31.5,22.01
2024-05-05,28.48,22.42
2024-05-06,32.01,22.1
2024-05-07,33.74,22.46
2024-05-08,32.25,23.14
2024-05-09,33.48,22.6
2024-05-10,34.01,22.56
2024-05-11,33.44,22.58
2024-05-12,32.17,22.31
2024-05-13,34.18,21.97
2024-05-14,33.78,21.98
2024-05-15,34.24,22.64
2024-05-16,32.76,22.97
2024-05-17,34.59,22.69
2024-05-18,30.01,22.72
2024-05-19,30.84,22.41
2024-05-20,32.5,22.16
2024-05-21,29.33,22.21
2024-05-22,31.17,22.09
2024-05-23,31.09,22.87
2024-05-24,33.2,23.58
2024-05-25,35.12,23.37
2024-05-26,29.79,23.44
2024-05-27,30.51,22.55
2024-05-28,31.74,21.69
2024-05-29,32.54,21.65
2024-05-30,32.48,22.32
2024-05-31,30.17,22.47
2024-06-01,31.13,22.21
2024-06-02,32.14,22.79
2024-06-03,28.96,22.66
2024-06-04,29.25,22.49
2024-06-05,32.91,21.31
2024-06-06,29.4,22.7
2024-06-07,32.23,22.05
2024-06-08,30.59,22.66
2024-06-09,30.59,21.37
2024-06-10,27.94,21.88
2024-06-11,31.39,21.54
2024-06-12,31.92,22.59
2024-06-13,33.1,21.33
2024-06-14,30.31,21.96
2024-06-15,30.27,21.65
2024-06-16,31.73,21.28
2024-06-17,29.73,22.07
2024-06-18,30.4,21.32
2024-06-19,30.15,21.66
2024-06-20,31.47,21.68
2024-06-21,27.52,20.84
2024-06-22,33.13,19.8
2024-06-23,30.26,22.16
2024-06-24,28.63,21.41
2024-06-25,30.7,20.76
2024-06-26,31.11,21.34
2024-06-27,32.67,20.3
2024-06-28,34.02,22.31
2024-06-29,32.19,21.91
2024-06-30,30.26,22.08
2024-07-01,30.31,21.46
2024-07-02,29.42,21.43
2024-07-03,31.7,21.73
2024-07-04,32.59,21.88
2024-07-05,29.84,22.44
2024-07-06,30.71,21.82
2024-07-07,31.79,20.77
2024-07-08,29.19,22.18
2024-07-09,31.38,21.76
2024-07-10,32.6,21.9
2024-07-11,33.65,21.85
2024-07-12,31.85,23.11
2024-07-13,30.99,21.71
2024-07-14,31.63,21.06
2024-07-15,32.25,21.24
2024-07-16,31.88,21.34
2024-07-17,31.55,22.04
2024-07-18,31.77,21.76
2024-07-19,32.47,21.2
2024-07-20,33.02,21.29
2024-07-21,33.41,22.48
2024-07-22,29.82,22.58
2024-07-23,30.14,21.16
2024-07-24,28.01,21.15
2024-07-25,32.49,21.57
2024-07-26,31.7,21.13
2024-07-27,31.76,22.19
2024-07-28,33.09,20.96
2024-07-29,32.74,21.84
2024-07-30,28.9,22.16
2024-07-31,30.92,21.34
2024-08-01,32.71,20.75
2024-08-02,31.55,20.98
2024-08-03,33.07,21.96
2024-08-04,32.39,22.51
2024-08-05,32.62,21.77
2024-08-06,32.07,22.9
2024-08-07,33.78,21.11
2024-08-08,35.23,22.7
2024-08-09,36.22,21.46
2024-08-10,29.09,23.4
2024-08-11,32.76,21.79
2024-08-12,33.08,21.66
2024-08-13,30.61,22.09
2024-08-14,33.16,21.32
2024-08-15,33.03,21.84
2024-08-16,34.61,21.65
2024-08-17,32.73,22.1
2024-08-18,34.41,20.78
2024-08-19,35.32,22.04
2024-08-20,35.21,22.16
2024-08-21,35.15,22.52
2024-08-22,35.49,23.09
2024-08-23,33.59,23.29
2024-08-24,34.45,23.22
2024-08-25,31.62,23.33
2024-08-26,34.98,21.38
2024-08-27,33.68,22.32
2024-08-28,30.72,22.64
2024-08-29,34.09,21.52
2024-08-30,34.7,21.49
2024-08-31,33.87,22.62
2024-09-01,34.03,21.98
2024-09-02,34.68,22.06
2024-09-03,33.96,22.42
2024-09-04,33.73,21.69
2024-09-05,30.26,23.01
2024-09-06,32.12,22.27
2024-09-07,31.1,22.08
2024-09-08,32.75,21.79
2024-09-09,32.31,22.71
2024-09-10,34.3,22.6
2024-09-11,35.89,22.62
2024-09-12,33.62,23.3
2024-09-13,28.29,23.53
2024-09-14,33.98,22.1
2024-09-15,33.54,22.68
2024-09-16,33.39,22.35
2024-09-17,32.81,22.82
2024-09-18,33.02,22.53
2024-09-19,32.66,22.03
2024-09-20,30.54,22.65
2024-09-21,33.79,21.86
2024-09-22,33.25,23.17
2024-09-23,29.92,22.65
2024-09-24,31.33,21.61
2024-09-25,29.7,22.48
2024-09-26,29.76,22.24
2024-09-27,31.03,21.72
2024-09-28,32.35,20.99
2024-09-29,30.2,19.64
2024-09-30,33.71,20.03
2024-10-01,34.38,20.44
2024-10-02,35.47,22.13
2024-10-03,34.82,21.98
2024-10-04,33.37,22.53
2024-10-05,34.18,21.9
2024-10-06,32.79,22.93
2024-10-07,32.32,23.07
2024-10-08,31.83,22.93
2024-10-09,28.92,22.93
2024-10-10,31.74,22.19
2024-10-11,33.25,22.45
2024-10-12,32.66,22.44
2024-10-13,30.86,23.08
2024-10-14,29.86,22.71
2024-10-15,33.36,21.84
2024-10-16,31.46,22.22
2024-10-17,30.11,22.59
2024-10-18,33.75,21.5
2024-10-19,33.33,22.53
2024-10-20,35.27,22.78
2024-10-21,31.12,22.93
2024-10-22,34.31,23.07
2024-10-23,32.94,23.78
2024-10-24,35.45,22.3
2024-10-25,33.68,23.32
2024-10-26,34.02,23.6
2024-10-27,34.96,23.19
2024-10-28,33.5,23.53
2024-10-29,31.73,23.67
2024-10-30,33.4,21.41
2024-10-31,34.14,21.87
2024-11-01,28.56,22.97
2024-11-02,32.65,21.6
2024-11-03,33.22,22.37
2024-11-04,32.65,23.08
2024-11-05,33.71,22.48
2024-11-06,33.39,22.55
2024-11-07,34.95,22.02
2024-11-08,32.49,22.69
2024-11-09,31.51,23.05
2024-11-10,33.83,21.87
2024-11-11,33.41,22.57
2024-11-12,32.42,22.87
2024-11-13,31.42,21.88
2024-11-14,31.9,22.2
2024-11-15,29.88,23.03
2024-11-16,32.84,22.78
2024-11-17,34.79,22.41
2024-11-18,34.56,22.37
2024-11-19,33.23,22.23
2024-11-20,34.85,22.63
2024-11-21,31.99,23.46
2024-11-22,32.81,23.08
2024-11-23,32.98,22.56
2024-11-24,32.75,22.55
2024-11-25,34.13,23.04
2024-11-26,32.98,22.97
2024-11-27,32.84,22.8
2024-11-28,32.66,23.09
2024-11-29,34.19,22.05
2024-11-30,32.95,22.89
2024-12-01,32.23,22.92
2024-12-02,34.05,22.37
2024-12-03,34.87,21.58
2024-12-04,34.19,21.66
2024-12-05,33.14,21.17
2024-12-06,33.2,19.91
2024-12-07,33.66,19.43
2024-12-08,32.65,20.45
2024-12-09,34.38,20.69
2024-12-10,33.95,21.02
2024-12-11,34.24,21.03
2024-12-12,32.18,21.24
2024-12-13,33.47,20.23
2024-12-14,32.99,20.06
2024-12-15,34.1,19.73
2024-12-16,32.24,21.78
2024-12-17,34.13,22.7
2024-12-18,34.11,22.24
2024-12-19,34.24,22.51
2024-12-20,32.81,22.43
2024-12-21,34.21,21.87
2024-12-22,33.69,22.13
2024-12-23,33.26,22.21
2024-12-24,32.93,21.0
2024-12-25,33.88,20.85
2024-12-26,33.47,21.19
2024-12-27,33.35,20.73
2024-12-28,33.14,21.54
2024-12-29,34.05,20.42
2024-12-30,33.74,19.63
2024-12-31,33.27,20.42
2025-01-01,33.61,21.13
2025-01-02,33.5,21.11
2025-01-03,31.91,21.78
2025-01-04,31.8,21.82
2025-01-05,32.93,21.91
2025-01-06,31.42,21.06
2025-01-07,34.06,19.95
2025-01-08,34.09,19.53
2025-01-09,33.88,18.69
2025-01-10,33.46,19.62
2025-01-11,34.21,18.51
2025-01-12,34.12,20.01
2025-01-13,33.46,20.03
2025-01-14,33.35,18.54
2025-01-15,32.62,20.17
2025-01-16,32.57,20.43
2025-01-17,32.53,19.28
2025-01-18,33.67,19.58
2025-01-19,33.26,19.96
2025-01-20,33.27,19.81
2025-01-21,32.24,18.67
2025-01-22,33.39,20.22
2025-01-23,33.21,19.27
2025-01-24,31.23,19.63
2025-01-25,32.56,19.8
2025-01-26,32.42,19.12
2025-01-27,32.9,18.59
2025-01-28,32.97,20.99
2025-01-29,34.52,20.44
2025-01-30,32.49,21.75
2025-01-31,33.09,20.76
2025-02-01,32.66,19.37
2025-02-02,31.69,19.59
2025-02-03,33.11,18.92
2025-02-04,32.7,19.83
2025-02-05,32.09,19.81
2025-02-06,33.31,19.3
2025-02-07,32.46,20.16
2025-02-08,30.9,19.63
2025-02-09,32.66,20.29
2025-02-10,32.93,19.84
2025-02-11,31.42,19.71
2025-02-12,32.76,18.7
2025-02-13,33.29,18.7
2025-02-14,31.51,19.37
2025-02-15,31.79,18.63
2025-02-16,32.87,19.14
2025-02-17,33.33,19.81
2025-02-18,32.92,19.43
2025-02-19,34.14,18.71
2025-02-20,34.11,19.63
2025-02-21,33.23,20.39
2025-02-22,33.3,20.55
2025-02-23,32.93,20.41
2025-02-24,33.36,19.69
2025-02-25,34.42,21.03
2025-02-26,34.72,21.82
2025-02-27,34.71,20.31
2025-02-28,32.44,20.68
2025-03-01,33.89,20.58
2025-03-02,34.62,20.44
2025-03-03,34.45,20.65
2025-03-04,34.72,20.19
2025-03-05,32.79,20.96
2025-03-06,33.79,20.61
2025-03-07,35.86,20.19
2025-03-08,35.54,18.8
2025-03-09,35.53,18.9
2025-03-10,35.47,18.5
2025-03-11,35.58,19.46
2025-03-12,35.68,21.0
2025-03-13,34.21,20.62
2025-03-14,35.83,20.12
2025-03-15,33.75,18.86
2025-03-16,35.29,22.28
2025-03-17,35.3,21.64
2025-03-18,30.03,21.8
2025-03-19,28.61,21.41
2025-03-20,33.84,21.15
2025-03-21,35.2,21.81
2025-03-22,35.17,20.96
2025-03-23,33.66,21.21
2025-03-24,34.98,20.02
2025-03-25,35.0,19.91
2025-03-26,36.0,20.28
2025-03-27,35.35,20.58
2025-03-28,34.22,21.22
2025-03-29,34.34,20.42
2025-03-30,34.2,19.75
2025-03-31,34.02,20.68
2025-04-01,32.55,20.73
2025-04-02,34.38,20.93
2025-04-03,32.76,21.23
2025-04-04,31.0,20.21
2025-04-05,33.71,19.58
2025-04-06,31.57,21.45
2025-04-07,29.24,21.84
2025-04-08,32.83,21.33
2025-04-09,32.56,21.53
2025-04-10,35.11,22.84
2025-04-11,33.52,22.98
2025-04-12,36.52,21.61
2025-04-13,36.21,22.21
2025-04-14,37.0,21.14
2025-04-15,35.77,20.95
2025-04-16,36.97,21.4
2025-04-17,36.29,22.14
2025-04-18,33.68,23.63
2025-04-19,31.98,22.75
2025-04-20,33.54,22.49
2025-04-21,29.96,22.06
2025-04-22,29.53,21.44
2025-04-23,31.34,21.3
2025-04-24,30.23,22.46
2025-04-25,30.99,21.56
2025-04-26,29.3,22.34
2025-04-27,35.28,21.76
2025-04-28,34.49,22.54
2025-04-29,33.25,22.58
2025-04-30,32.22,22.38
2025-05-01,31.11,23.19
2025-05-02,33.74,22.5
2025-05-03,30.4,22.93
2025-05-04,34.38,21.63
2025-05-05,31.42,22.49
2025-05-06,30.74,22.29
2025-05-07,34.66,20.75
2025-05-08,31.52,21.55
2025-05-09,33.19,21.58
2025-05-10,34.3,22.76
2025-05-11,33.15,23.39
2025-05-12,32.87,22.24
2025-05-13,34.53,22.48
2025-05-14,29.35,23.15
2025-05-15,27.89,22.14
2025-05-16,28.98,21.68
2025-05-17,31.21,22.61
2025-05-18,30.96,21.94
2025-05-19,34.09,20.72
2025-05-20,31.23,22.6
2025-05-21,30.67,21.66
2025-05-22,32.69,22.52
2025-05-23,33.44,22.49
2025-05-24,34.99,22.97
2025-05-25,34.35,22.85
2025-05-26,31.37,22.92
2025-05-27,30.21,22.81
2025-05-28,35.15,22.05
2025-05-29,33.82,22.33
2025-05-30,31.32,23.36
2025-05-31,30.68,22.84
2025-06-01,32.03,22.79
2025-06-02,26.27,21.32
2025-06-03,29.39,20.06
2025-06-04,30.07,19.85
2025-06-05,30.39,20.9
2025-06-06,29.09,21.2
2025-06-07,30.04,21.81
2025-06-08,31.31,21.56
2025-06-09,29.85,21.54
2025-06-10,28.02,21.39
2025-06-11,27.07,21.07
2025-06-12,29.14,20.32
2025-06-13,28.62,20.79
2025-06-14,28.97,21.11
2025-06-15,30.31,20.71
2025-06-16,30.79,20.33
2025-06-17,30.64,21.33
2025-06-18,30.82,21.83
2025-06-19,31.1,21.69
2025-06-20,29.8,22.08
2025-06-21,29.07,21.46
2025-06-22,31.08,21.35
2025-06-23,31.89,20.96
2025-06-24,28.0,22.22
2025-06-25,28.63,21.43
2025-06-26,31.36,20.47
2025-06-27,32.92,21.46
2025-06-28,31.28,21.56
2025-06-29,29.39,21.83
2025-06-30,31.76,21.52
2025-07-01,32.52,21.98
2025-07-02,32.2,21.12
2025-07-03,26.31,21.47
2025-07-04,28.92,20.89
2025-07-05,26.9,19.42
2025-07-06,31.26,19.03
2025-07-07,32.02,20.38
2025-07-08,31.04,20.7
2025-07-09,29.2,20.86
2025-07-10,26.36,20.77
2025-07-11,30.35,20.81
2025-07-12,26.9,20.76
2025-07-13,30.2,19.74
2025-07-14,31.9,20.75
2025-07-15,31.53,20.84
2025-07-16,32.39,20.8
2025-07-17,31.19,21.23
2025-07-18,29.73,21.12
2025-07-19,30.9,19.58
2025-07-20,30.51,20.61
2025-07-21,30.75,20.97
2025-07-22,31.47,20.85
2025-07-23,26.98,21.19
2025-07-24,28.78,20.06
2025-07-25,31.12,20.06
2025-07-26,31.19,21.09
2025-07-27,29.01,21.94
2025-07-28,30.13,21.02
2025-07-29,28.37,21.03
2025-07-30,30.49,20.01
2025-07-31,26.24,21.1
2025-08-01,28.86,20.68
2025-08-02,30.68,20.4
2025-08-03,29.1,20.76
2025-08-04,29.72,20.82
2025-08-05,30.76,20.95
2025-08-06,30.06,20.93
2025-08-07,32.25,20.54
2025-08-08,29.03,20.72
2025-08-09,26.56,20.32
2025-08-10,30.35,18.92
2025-08-11,30.21,19.66
2025-08-12,29.65,19.72
2025-08-13,32.05,20.11
2025-08-14,31.79,20.39
2025-08-15,29.99,21.06
2025-08-16,31.02,21.5
2025-08-17,31.72,20.78
2025-08-18,28.35,20.61
2025-08-19,28.76,21.16
2025-08-20,32.13,20.93
2025-08-21,32.43,21.35
2025-08-22,30.86,21.13
2025-08-23,29.34,19.6
2025-08-24,33.16,20.43
2025-08-25,31.48,21.62
2025-08-26,28.47,21.65
2025-08-27,28.93,20.18
2025-08-28,29.35,19.71
2025-08-29,30.39,20.32
2025-08-30,30.84,20.25
2025-08-31,32.14,19.93
2025-09-01,31.43,21.01
2025-09-02,29.89,21.31
2025-09-03,30.86,21.44
2025-09-04,30.3,21.34
2025-09-05,29.02,20.98
2025-09-06,29.52,20.72
2025-09-07,29.61,21.29
2025-09-08,30.79,20.2
2025-09-09,31.72,20.88
2025-09-10,31.2,20.36
2025-09-11,31.62,20.67
2025-09-12,29.7,22.08
2025-09-13,31.92,20.94
2025-09-14,30.02,21.77
2025-09-15,30.31,21.26
2025-09-16,31.63,20.79
2025-09-17,32.63,21.06
2025-09-18,30.14,20.94
2025-09-19,30.58,20.61
2025-09-20,32.95,19.8
2025-09-21,31.29,21.43
2025-09-22,33.71,20.94
2025-09-23,33.92,21.04
2025-09-24,30.88,21.5
2025-09-25,30.54,21.9
2025-09-26,29.92,21.1
2025-09-27,32.25,20.87
2025-09-28,30.18,21.58
2025-09-29,30.76,20.15
2025-09-30,28.94,21.69
2025-10-01,29.32,20.92
2025-10-02,31.15,20.63
2025-10-03,31.22,20.46
2025-10-04,31.65,20.4
2025-10-05,30.08,21.18
2025-10-06,30.99,21.22
2025-10-07,30.2,21.4
2025-10-08,31.13,21.23
2025-10-09,30.64,20.36
2025-10-10,29.68,20.76
2025-10-11,30.6,20.28
2025-10-12,31.85,20.91
2025-10-13,32.04,21.28
2025-10-14,29.54,21.44
2025-10-15,31.27,20.37
2025-10-16,31.88,20.85
2025-10-17,31.22,20.74
2025-10-18,30.09,20.87
2025-10-19,32.05,20.85
2025-10-20,27.33,21.12
2025-10-21,28.36,20.38
2025-10-22,29.21,20.95
2025-10-23,27.11,21.11
2025-10-24,29.99,20.54
2025-10-25,30.55,20.59
2025-10-26,31.1,20.99
2025-10-27,30.89,20.75
2025-10-28,31.71,21.3
2025-10-29,30.99,21.83
2025-10-30,29.86,21.5
2025-10-31,29.52,20.51
2025-11-01,30.37,20.75
2025-11-02,31.77,21.38
2025-11-03,32.7,20.46
2025-11-04,32.89,20.5
2025-11-05,30.47,21.36
2025-11-06,31.25,21.31
2025-11-07,31.72,21.28
2025-11-08,31.29,21.86
2025-11-09,32.6,21.25
2025-11-10,32.14,21.41
2025-11-11,32.9,20.69
2025-11-12,32.65,21.6
2025-11-13,31.84,20.59
2025-11-14,32.68,20.23
2025-11-15,33.16,20.42
2025-11-16,33.06,20.78
2025-11-17,30.55,20.59
2025-11-18,31.53,21.49
2025-11-19,32.56,20.58
2025-11-20,29.91,21.84
2025-11-21,29.67,20.96
2025-11-22,31.33,20.59
2025-11-23,30.13,19.68
2025-11-24,27.79,20.28
2025-11-25,26.13,20.5
2025-11-26,28.55,19.81
2025-11-27,30.3,19.94
2025-11-28,31.04,20.11
2025-11-29,29.05,20.73
2025-11-30,28.11,20.2
2025-12-01,29.93,19.52
2025-12-02,30.52,19.92
2025-12-03,30.09,18.57
2025-12-04,28.99,17.27
2025-12-05,29.71,19.63
2025-12-06,30.1,19.78
2025-12-07,30.88,19.46
2025-12-08,30.96,20.71
2025-12-09,31.3,20.41
2025-12-10,31.28,20.44
2025-12-11,31.55,20.41
2025-12-12,30.67,20.67
2025-12-13,31.38,20.14
2025-12-14,31.84,18.89
2025-12-15,32.04,20.14
2025-12-16,32.07,20.14
2025-12-17,32.5,20.2
2025-12-18,32.37,20.34
2025-12-19,31.53,19.05
2025-12-20,30.41,19.08
2025-12-21,31.44,19.1
2025-12-22,32.28,19.97
2025-12-23,31.11,18.49
2025-12-24,31.22,18.34
2025-12-25,30.95,18.4
2025-12-26,31.65,18.24
2025-12-27,31.86,18.29
2025-12-28,31.91,19.66
2025-12-29,32.34,20.78
2025-12-30,30.66,21.06
2025-12-31,32.22,21.08
